trial_id,config_id,config_name,replicate_index,factor_A_csp,factor_B_ws,factor_C_sched,quality_score,calculation_accuracy,paging_overhead_sec,total_duration_sec,peak_ram_gb
1,REF_MONOLITH,Reference Static Monolith,1,0,0,0,0.5647,0.496,2.089,29.5,7.1
2,REF_MONOLITH,Reference Static Monolith,2,0,0,0,0.5561,0.4848,2.084,29.894,7.1
3,REF_MONOLITH,Reference Static Monolith,3,0,0,0,0.5595,0.5074,2.118,29.705,7.1
4,REF_MONOLITH,Reference Static Monolith,4,0,0,0,0.5665,0.4773,2.164,29.72,7.1
5,REF_MONOLITH,Reference Static Monolith,5,0,0,0,0.5688,0.485,1.907,29.321,7.1
6,REF_MONOLITH,Reference Static Monolith,6,0,0,0,0.5672,0.5072,2.094,29.829,7.1
7,REF_MONOLITH,Reference Static Monolith,7,0,0,0,0.5554,0.4835,2.054,29.762,7.1
8,REF_MONOLITH,Reference Static Monolith,8,0,0,0,0.5506,0.492,2.156,30.173,7.1
9,REF_MONOLITH,Reference Static Monolith,9,0,0,0,0.5666,0.5348,2.17,29.634,7.1
10,REF_MONOLITH,Reference Static Monolith,10,0,0,0,0.5614,0.5112,2.146,29.512,7.1
11,C0,Dynamic Base (000),1,0,0,0,0.5707,0.5134,7.169,31.758,7.6
12,C0,Dynamic Base (000),2,0,0,0,0.5579,0.4831,7.526,32.087,7.6
13,C0,Dynamic Base (000),3,0,0,0,0.5758,0.4842,7.095,31.948,7.6
14,C0,Dynamic Base (000),4,0,0,0,0.5803,0.5042,7.266,31.781,7.6
15,C0,Dynamic Base (000),5,0,0,0,0.5624,0.4922,7.51,32.069,7.6
16,C0,Dynamic Base (000),6,0,0,0,0.5736,0.4993,7.072,32.014,7.6
17,C0,Dynamic Base (000),7,0,0,0,0.5643,0.5323,7.266,32.258,7.6
18,C0,Dynamic Base (000),8,0,0,0,0.5638,0.4909,7.11,31.893,7.6
19,C0,Dynamic Base (000),9,0,0,0,0.5659,0.4913,7.149,31.835,7.6
20,C0,Dynamic Base (000),10,0,0,0,0.5772,0.4999,7.081,32.121,7.6
21,C1,CSP Only (100),1,1,0,0,1.0,1.0,7.066,26.836,7.6
22,C1,CSP Only (100),2,1,0,0,1.0,1.0,7.26,26.964,7.6
23,C1,CSP Only (100),3,1,0,0,1.0,1.0,7.295,27.114,7.6
24,C1,CSP Only (100),4,1,0,0,1.0,1.0,7.104,26.502,7.6
25,C1,CSP Only (100),5,1,0,0,1.0,1.0,7.06,26.78,7.6
26,C1,CSP Only (100),6,1,0,0,1.0,1.0,7.338,27.424,7.6
27,C1,CSP Only (100),7,1,0,0,1.0,1.0,7.17,26.293,7.6
28,C1,CSP Only (100),8,1,0,0,1.0,1.0,7.215,26.821,7.6
29,C1,CSP Only (100),9,1,0,0,1.0,1.0,7.039,26.505,7.6
30,C1,CSP Only (100),10,1,0,0,1.0,1.0,7.421,26.947,7.6
31,C2,WS Only (010),1,0,1,0,0.5664,0.4939,6.374,30.971,7.6
32,C2,WS Only (010),2,0,1,0,0.5682,0.4713,6.484,30.98,7.6
33,C2,WS Only (010),3,0,1,0,0.573,0.4787,6.417,30.817,7.6
34,C2,WS Only (010),4,0,1,0,0.5683,0.4975,6.261,31.041,7.6
35,C2,WS Only (010),5,0,1,0,0.5686,0.5101,6.391,31.093,7.6
36,C2,WS Only (010),6,0,1,0,0.5496,0.4943,6.47,31.209,7.6
37,C2,WS Only (010),7,0,1,0,0.559,0.5143,6.229,30.877,7.6
38,C2,WS Only (010),8,0,1,0,0.5686,0.5,6.34,31.157,7.6
39,C2,WS Only (010),9,0,1,0,0.5703,0.5092,6.144,30.633,7.6
40,C2,WS Only (010),10,0,1,0,0.5638,0.4953,6.268,30.98,7.6
41,C3,Scheduler Only (001),1,0,0,1,0.5483,0.5124,4.434,26.949,6.2
42,C3,Scheduler Only (001),2,0,0,1,0.5502,0.4613,4.685,26.965,6.2
43,C3,Scheduler Only (001),3,0,0,1,0.5541,0.4885,4.468,26.494,6.2
44,C3,Scheduler Only (001),4,0,0,1,0.561,0.513,4.477,26.878,6.2
45,C3,Scheduler Only (001),5,0,0,1,0.5647,0.4715,4.432,26.862,6.2
46,C3,Scheduler Only (001),6,0,0,1,0.574,0.4704,4.472,26.775,6.2
47,C3,Scheduler Only (001),7,0,0,1,0.5723,0.4926,4.393,26.77,6.2
48,C3,Scheduler Only (001),8,0,0,1,0.5679,0.5126,4.547,26.889,6.2
49,C3,Scheduler Only (001),9,0,0,1,0.5653,0.5185,4.55,26.7,6.2
50,C3,Scheduler Only (001),10,0,0,1,0.5666,0.5011,4.39,26.682,6.2
51,C4,CSP + WS (110),1,1,1,0,1.0,1.0,6.353,25.725,7.6
52,C4,CSP + WS (110),2,1,1,0,1.0,1.0,6.36,25.983,7.6
53,C4,CSP + WS (110),3,1,1,0,1.0,1.0,6.422,26.169,7.6
54,C4,CSP + WS (110),4,1,1,0,1.0,1.0,6.28,25.568,7.6
55,C4,CSP + WS (110),5,1,1,0,1.0,1.0,6.087,25.617,7.6
56,C4,CSP + WS (110),6,1,1,0,1.0,1.0,6.234,25.781,7.6
57,C4,CSP + WS (110),7,1,1,0,1.0,1.0,6.491,26.326,7.6
58,C4,CSP + WS (110),8,1,1,0,1.0,1.0,6.313,25.655,7.6
59,C4,CSP + WS (110),9,1,1,0,1.0,1.0,6.224,25.418,7.6
60,C4,CSP + WS (110),10,1,1,0,1.0,1.0,6.098,25.758,7.6
61,C5,CSP + Scheduler (101),1,1,0,1,1.0,1.0,4.561,22.299,6.2
62,C5,CSP + Scheduler (101),2,1,0,1,1.0,1.0,4.429,22.325,6.2
63,C5,CSP + Scheduler (101),3,1,0,1,1.0,1.0,4.521,22.259,6.2
64,C5,CSP + Scheduler (101),4,1,0,1,1.0,1.0,4.519,22.151,6.2
65,C5,CSP + Scheduler (101),5,1,0,1,1.0,1.0,4.442,22.042,6.2
66,C5,CSP + Scheduler (101),6,1,0,1,1.0,1.0,4.388,22.121,6.2
67,C5,CSP + Scheduler (101),7,1,0,1,1.0,1.0,4.516,22.144,6.2
68,C5,CSP + Scheduler (101),8,1,0,1,1.0,1.0,4.319,21.565,6.2
69,C5,CSP + Scheduler (101),9,1,0,1,1.0,1.0,4.515,22.136,6.2
70,C5,CSP + Scheduler (101),10,1,0,1,1.0,1.0,4.44,22.342,6.2
71,C6,WS + Scheduler (011),1,0,1,1,0.5654,0.4786,3.817,25.786,5.6
72,C6,WS + Scheduler (011),2,0,1,1,0.5544,0.474,3.584,25.461,5.6
73,C6,WS + Scheduler (011),3,0,1,1,0.581,0.4851,3.55,25.553,5.6
74,C6,WS + Scheduler (011),4,0,1,1,0.5623,0.4899,3.658,25.525,5.6
75,C6,WS + Scheduler (011),5,0,1,1,0.5705,0.4937,3.557,25.685,5.6
76,C6,WS + Scheduler (011),6,0,1,1,0.5598,0.5282,3.553,25.471,5.6
77,C6,WS + Scheduler (011),7,0,1,1,0.5759,0.4699,3.737,25.446,5.6
78,C6,WS + Scheduler (011),8,0,1,1,0.5549,0.4967,3.595,25.273,5.6
79,C6,WS + Scheduler (011),9,0,1,1,0.5596,0.4992,3.542,25.622,5.6
80,C6,WS + Scheduler (011),10,0,1,1,0.5484,0.4837,3.467,25.583,5.6
81,C7,Full ModelVM (111),1,1,1,1,1.0,1.0,3.61,20.612,5.6
82,C7,Full ModelVM (111),2,1,1,1,1.0,1.0,3.488,21.088,5.6
83,C7,Full ModelVM (111),3,1,1,1,1.0,1.0,3.773,21.138,5.6
84,C7,Full ModelVM (111),4,1,1,1,1.0,1.0,3.433,21.205,5.6
85,C7,Full ModelVM (111),5,1,1,1,1.0,1.0,3.535,21.221,5.6
86,C7,Full ModelVM (111),6,1,1,1,1.0,1.0,3.627,21.568,5.6
87,C7,Full ModelVM (111),7,1,1,1,1.0,1.0,3.591,21.221,5.6
88,C7,Full ModelVM (111),8,1,1,1,1.0,1.0,3.658,21.143,5.6
89,C7,Full ModelVM (111),9,1,1,1,1.0,1.0,3.695,20.986,5.6
90,C7,Full ModelVM (111),10,1,1,1,1.0,1.0,3.532,20.845,5.6
