trial_id,alpha,beta,gamma,delta,eta,cost_sched,cost_oracle,regret_vs_oracle,regret_percent,stable,oom_failure,routing_sequence
1,0.1849,0.3176,0.1139,0.3178,0.2778,21.98,21.98,0.0,0.0,True,False,research-expert -> mathematics-expert -> coding-expert -> physics-expert -> mathematics-expert
2,0.1587,0.1837,0.122,0.3182,0.3937,21.98,21.98,0.0,0.0,True,False,research-expert -> mathematics-expert -> coding-expert -> physics-expert -> mathematics-expert
3,0.1425,0.3205,0.1199,0.2482,0.2832,21.98,21.98,0.0,0.0,True,False,research-expert -> mathematics-expert -> coding-expert -> physics-expert -> mathematics-expert
4,0.162,0.2206,0.1015,0.2878,0.3062,21.98,21.98,0.0,0.0,True,False,research-expert -> mathematics-expert -> coding-expert -> physics-expert -> mathematics-expert
5,0.2134,0.1959,0.0875,0.2759,0.3408,21.98,21.98,0.0,0.0,True,False,research-expert -> mathematics-expert -> coding-expert -> physics-expert -> mathematics-expert
6,0.2342,0.205,0.1009,0.3166,0.2548,21.98,21.98,0.0,0.0,True,False,research-expert -> mathematics-expert -> coding-expert -> physics-expert -> mathematics-expert
7,0.2129,0.2006,0.0739,0.3808,0.4478,21.98,21.98,0.0,0.0,True,False,research-expert -> mathematics-expert -> coding-expert -> physics-expert -> mathematics-expert
8,0.237,0.2207,0.0759,0.3332,0.3374,21.98,21.98,0.0,0.0,True,False,research-expert -> mathematics-expert -> coding-expert -> physics-expert -> mathematics-expert
9,0.1546,0.2493,0.0721,0.3737,0.2993,21.98,21.98,0.0,0.0,True,False,research-expert -> mathematics-expert -> coding-expert -> physics-expert -> mathematics-expert
10,0.2195,0.2218,0.1012,0.3084,0.2838,21.98,21.98,0.0,0.0,True,False,research-expert -> mathematics-expert -> coding-expert -> physics-expert -> mathematics-expert
11,0.2564,0.2913,0.1264,0.3711,0.3706,21.98,21.98,0.0,0.0,True,False,research-expert -> mathematics-expert -> coding-expert -> physics-expert -> mathematics-expert
12,0.2506,0.1883,0.0818,0.2181,0.3133,21.98,21.98,0.0,0.0,True,False,research-expert -> mathematics-expert -> coding-expert -> physics-expert -> mathematics-expert
13,0.1866,0.2157,0.1197,0.2742,0.304,21.98,21.98,0.0,0.0,True,False,research-expert -> mathematics-expert -> coding-expert -> physics-expert -> mathematics-expert
14,0.2051,0.1961,0.1181,0.2234,0.4522,21.98,21.98,0.0,0.0,True,False,research-expert -> mathematics-expert -> coding-expert -> physics-expert -> mathematics-expert
15,0.2327,0.2048,0.0703,0.3568,0.3934,21.98,21.98,0.0,0.0,True,False,research-expert -> mathematics-expert -> coding-expert -> physics-expert -> mathematics-expert
16,0.2275,0.2907,0.0744,0.2745,0.2693,21.98,21.98,0.0,0.0,True,False,research-expert -> mathematics-expert -> coding-expert -> physics-expert -> mathematics-expert
17,0.2436,0.2685,0.0899,0.2214,0.3103,21.98,21.98,0.0,0.0,True,False,research-expert -> mathematics-expert -> coding-expert -> physics-expert -> mathematics-expert
18,0.179,0.2844,0.1083,0.3697,0.3442,21.98,21.98,0.0,0.0,True,False,research-expert -> mathematics-expert -> coding-expert -> physics-expert -> mathematics-expert
19,0.1544,0.282,0.1156,0.311,0.4069,21.98,21.98,0.0,0.0,True,False,research-expert -> mathematics-expert -> coding-expert -> physics-expert -> mathematics-expert
20,0.1993,0.2534,0.0957,0.2146,0.2677,21.98,21.98,0.0,0.0,True,False,research-expert -> mathematics-expert -> coding-expert -> physics-expert -> mathematics-expert
21,0.1438,0.2705,0.0889,0.3015,0.4356,21.98,21.98,0.0,0.0,True,False,research-expert -> mathematics-expert -> coding-expert -> physics-expert -> mathematics-expert
22,0.1699,0.2366,0.1153,0.2512,0.2612,21.98,21.98,0.0,0.0,True,False,research-expert -> mathematics-expert -> coding-expert -> physics-expert -> mathematics-expert
23,0.1748,0.1992,0.1258,0.3555,0.378,21.98,21.98,0.0,0.0,True,False,research-expert -> mathematics-expert -> coding-expert -> physics-expert -> mathematics-expert
24,0.2446,0.2956,0.0812,0.3707,0.3583,21.98,21.98,0.0,0.0,True,False,research-expert -> mathematics-expert -> coding-expert -> physics-expert -> mathematics-expert
25,0.2369,0.3094,0.0891,0.2298,0.2929,21.98,21.98,0.0,0.0,True,False,research-expert -> mathematics-expert -> coding-expert -> physics-expert -> mathematics-expert
26,0.1913,0.2977,0.1216,0.2113,0.3523,21.98,21.98,0.0,0.0,True,False,research-expert -> mathematics-expert -> coding-expert -> physics-expert -> mathematics-expert
27,0.1901,0.2083,0.0772,0.2708,0.443,21.98,21.98,0.0,0.0,True,False,research-expert -> mathematics-expert -> coding-expert -> physics-expert -> mathematics-expert
28,0.1788,0.2528,0.1122,0.2755,0.4491,21.98,21.98,0.0,0.0,True,False,research-expert -> mathematics-expert -> coding-expert -> physics-expert -> mathematics-expert
29,0.2555,0.2128,0.0998,0.2642,0.3048,21.98,21.98,0.0,0.0,True,False,research-expert -> mathematics-expert -> coding-expert -> physics-expert -> mathematics-expert
30,0.1444,0.2664,0.1002,0.2193,0.3035,21.98,21.98,0.0,0.0,True,False,research-expert -> mathematics-expert -> coding-expert -> physics-expert -> mathematics-expert
31,0.249,0.2109,0.0787,0.2981,0.452,21.98,21.98,0.0,0.0,True,False,research-expert -> mathematics-expert -> coding-expert -> physics-expert -> mathematics-expert
32,0.169,0.2758,0.1157,0.2528,0.3979,21.98,21.98,0.0,0.0,True,False,research-expert -> mathematics-expert -> coding-expert -> physics-expert -> mathematics-expert
33,0.1841,0.2698,0.108,0.3064,0.264,21.98,21.98,0.0,0.0,True,False,research-expert -> mathematics-expert -> coding-expert -> physics-expert -> mathematics-expert
34,0.2402,0.2231,0.0812,0.2173,0.3691,21.98,21.98,0.0,0.0,True,False,research-expert -> mathematics-expert -> coding-expert -> physics-expert -> mathematics-expert
35,0.2213,0.1775,0.1007,0.2508,0.3805,21.98,21.98,0.0,0.0,True,False,research-expert -> mathematics-expert -> coding-expert -> physics-expert -> mathematics-expert
36,0.1609,0.2786,0.0932,0.3786,0.2739,21.98,21.98,0.0,0.0,True,False,research-expert -> mathematics-expert -> coding-expert -> physics-expert -> mathematics-expert
37,0.1809,0.192,0.1255,0.3679,0.2992,21.98,21.98,0.0,0.0,True,False,research-expert -> mathematics-expert -> coding-expert -> physics-expert -> mathematics-expert
38,0.2192,0.2976,0.1033,0.3053,0.2958,21.98,21.98,0.0,0.0,True,False,research-expert -> mathematics-expert -> coding-expert -> physics-expert -> mathematics-expert
39,0.1512,0.3096,0.124,0.324,0.3162,21.98,21.98,0.0,0.0,True,False,research-expert -> mathematics-expert -> coding-expert -> physics-expert -> mathematics-expert
40,0.1819,0.2839,0.1238,0.3697,0.4088,21.98,21.98,0.0,0.0,True,False,research-expert -> mathematics-expert -> coding-expert -> physics-expert -> mathematics-expert
41,0.217,0.1876,0.0797,0.3717,0.3724,21.98,21.98,0.0,0.0,True,False,research-expert -> mathematics-expert -> coding-expert -> physics-expert -> mathematics-expert
42,0.1411,0.1902,0.1098,0.2109,0.2788,21.98,21.98,0.0,0.0,True,False,research-expert -> mathematics-expert -> coding-expert -> physics-expert -> mathematics-expert
43,0.2058,0.2788,0.1091,0.2504,0.3946,21.98,21.98,0.0,0.0,True,False,research-expert -> mathematics-expert -> coding-expert -> physics-expert -> mathematics-expert
44,0.1685,0.2238,0.1148,0.3269,0.4233,21.98,21.98,0.0,0.0,True,False,research-expert -> mathematics-expert -> coding-expert -> physics-expert -> mathematics-expert
45,0.2189,0.2602,0.0756,0.2762,0.3007,21.98,21.98,0.0,0.0,True,False,research-expert -> mathematics-expert -> coding-expert -> physics-expert -> mathematics-expert
46,0.1693,0.321,0.0936,0.3706,0.3775,21.98,21.98,0.0,0.0,True,False,research-expert -> mathematics-expert -> coding-expert -> physics-expert -> mathematics-expert
47,0.2354,0.2504,0.1046,0.2987,0.286,21.98,21.98,0.0,0.0,True,False,research-expert -> mathematics-expert -> coding-expert -> physics-expert -> mathematics-expert
48,0.2267,0.2171,0.0715,0.3262,0.2822,21.98,21.98,0.0,0.0,True,False,research-expert -> mathematics-expert -> coding-expert -> physics-expert -> mathematics-expert
49,0.2529,0.3181,0.1249,0.2766,0.2482,21.98,21.98,0.0,0.0,True,False,research-expert -> mathematics-expert -> coding-expert -> physics-expert -> mathematics-expert
50,0.2514,0.2392,0.128,0.3835,0.4241,21.98,21.98,0.0,0.0,True,False,research-expert -> mathematics-expert -> coding-expert -> physics-expert -> mathematics-expert
51,0.1753,0.2328,0.1211,0.267,0.2806,21.98,21.98,0.0,0.0,True,False,research-expert -> mathematics-expert -> coding-expert -> physics-expert -> mathematics-expert
52,0.2068,0.3154,0.1118,0.3126,0.2654,21.98,21.98,0.0,0.0,True,False,research-expert -> mathematics-expert -> coding-expert -> physics-expert -> mathematics-expert
53,0.2138,0.3235,0.0784,0.3033,0.4292,21.98,21.98,0.0,0.0,True,False,research-expert -> mathematics-expert -> coding-expert -> physics-expert -> mathematics-expert
54,0.2289,0.2796,0.1121,0.2747,0.3067,21.98,21.98,0.0,0.0,True,False,research-expert -> mathematics-expert -> coding-expert -> physics-expert -> mathematics-expert
55,0.2371,0.2965,0.122,0.3744,0.3524,21.98,21.98,0.0,0.0,True,False,research-expert -> mathematics-expert -> coding-expert -> physics-expert -> mathematics-expert
56,0.2002,0.2947,0.109,0.3364,0.4121,21.98,21.98,0.0,0.0,True,False,research-expert -> mathematics-expert -> coding-expert -> physics-expert -> mathematics-expert
57,0.2468,0.2257,0.0925,0.2269,0.3664,21.98,21.98,0.0,0.0,True,False,research-expert -> mathematics-expert -> coding-expert -> physics-expert -> mathematics-expert
58,0.1443,0.2448,0.1026,0.2616,0.3691,21.98,21.98,0.0,0.0,True,False,research-expert -> mathematics-expert -> coding-expert -> physics-expert -> mathematics-expert
59,0.1437,0.1806,0.1194,0.2748,0.2717,21.98,21.98,0.0,0.0,True,False,research-expert -> mathematics-expert -> coding-expert -> physics-expert -> mathematics-expert
60,0.2027,0.2905,0.0829,0.3221,0.2629,21.98,21.98,0.0,0.0,True,False,research-expert -> mathematics-expert -> coding-expert -> physics-expert -> mathematics-expert
61,0.1462,0.2547,0.1024,0.3247,0.3975,21.98,21.98,0.0,0.0,True,False,research-expert -> mathematics-expert -> coding-expert -> physics-expert -> mathematics-expert
62,0.2571,0.2524,0.0894,0.3531,0.3019,21.98,21.98,0.0,0.0,True,False,research-expert -> mathematics-expert -> coding-expert -> physics-expert -> mathematics-expert
63,0.1927,0.1868,0.0715,0.3833,0.4206,21.98,21.98,0.0,0.0,True,False,research-expert -> mathematics-expert -> coding-expert -> physics-expert -> mathematics-expert
64,0.2235,0.2363,0.0804,0.2382,0.2976,21.98,21.98,0.0,0.0,True,False,research-expert -> mathematics-expert -> coding-expert -> physics-expert -> mathematics-expert
65,0.2059,0.2822,0.1096,0.2604,0.4455,21.98,21.98,0.0,0.0,True,False,research-expert -> mathematics-expert -> coding-expert -> physics-expert -> mathematics-expert
66,0.2285,0.2582,0.1067,0.2855,0.297,21.98,21.98,0.0,0.0,True,False,research-expert -> mathematics-expert -> coding-expert -> physics-expert -> mathematics-expert
67,0.1827,0.2887,0.0709,0.2309,0.2547,21.98,21.98,0.0,0.0,True,False,research-expert -> mathematics-expert -> coding-expert -> physics-expert -> mathematics-expert
68,0.1449,0.3033,0.1122,0.2954,0.2655,21.98,21.98,0.0,0.0,True,False,research-expert -> mathematics-expert -> coding-expert -> physics-expert -> mathematics-expert
69,0.199,0.246,0.0804,0.2881,0.3287,21.98,21.98,0.0,0.0,True,False,research-expert -> mathematics-expert -> coding-expert -> physics-expert -> mathematics-expert
70,0.2139,0.2703,0.0727,0.2774,0.3764,21.98,21.98,0.0,0.0,True,False,research-expert -> mathematics-expert -> coding-expert -> physics-expert -> mathematics-expert
71,0.2004,0.3035,0.1095,0.2393,0.2598,21.98,21.98,0.0,0.0,True,False,research-expert -> mathematics-expert -> coding-expert -> physics-expert -> mathematics-expert
72,0.2171,0.179,0.1051,0.3792,0.3658,21.98,21.98,0.0,0.0,True,False,research-expert -> mathematics-expert -> coding-expert -> physics-expert -> mathematics-expert
73,0.1866,0.2715,0.0975,0.3082,0.4427,21.98,21.98,0.0,0.0,True,False,research-expert -> mathematics-expert -> coding-expert -> physics-expert -> mathematics-expert
74,0.1863,0.3192,0.1243,0.2452,0.2596,21.98,21.98,0.0,0.0,True,False,research-expert -> mathematics-expert -> coding-expert -> physics-expert -> mathematics-expert
75,0.1521,0.1777,0.0757,0.3329,0.2599,21.98,21.98,0.0,0.0,True,False,research-expert -> mathematics-expert -> coding-expert -> physics-expert -> mathematics-expert
76,0.1783,0.3017,0.0714,0.3566,0.3042,21.98,21.98,0.0,0.0,True,False,research-expert -> mathematics-expert -> coding-expert -> physics-expert -> mathematics-expert
77,0.1542,0.2795,0.1077,0.3679,0.3994,21.98,21.98,0.0,0.0,True,False,research-expert -> mathematics-expert -> coding-expert -> physics-expert -> mathematics-expert
78,0.2364,0.2173,0.0806,0.3451,0.4144,21.98,21.98,0.0,0.0,True,False,research-expert -> mathematics-expert -> coding-expert -> physics-expert -> mathematics-expert
79,0.2589,0.2369,0.0923,0.3498,0.3166,21.98,21.98,0.0,0.0,True,False,research-expert -> mathematics-expert -> coding-expert -> physics-expert -> mathematics-expert
80,0.2517,0.3038,0.0957,0.3452,0.4035,21.98,21.98,0.0,0.0,True,False,research-expert -> mathematics-expert -> coding-expert -> physics-expert -> mathematics-expert
81,0.1524,0.3104,0.1003,0.3588,0.3122,21.98,21.98,0.0,0.0,True,False,research-expert -> mathematics-expert -> coding-expert -> physics-expert -> mathematics-expert
82,0.2475,0.2334,0.0707,0.373,0.2642,21.98,21.98,0.0,0.0,True,False,research-expert -> mathematics-expert -> coding-expert -> physics-expert -> mathematics-expert
83,0.1783,0.3175,0.127,0.3132,0.3777,21.98,21.98,0.0,0.0,True,False,research-expert -> mathematics-expert -> coding-expert -> physics-expert -> mathematics-expert
84,0.1938,0.219,0.0897,0.3311,0.403,21.98,21.98,0.0,0.0,True,False,research-expert -> mathematics-expert -> coding-expert -> physics-expert -> mathematics-expert
85,0.235,0.2934,0.0755,0.299,0.2571,21.98,21.98,0.0,0.0,True,False,research-expert -> mathematics-expert -> coding-expert -> physics-expert -> mathematics-expert
86,0.2059,0.2412,0.1233,0.2732,0.2696,21.98,21.98,0.0,0.0,True,False,research-expert -> mathematics-expert -> coding-expert -> physics-expert -> mathematics-expert
87,0.1572,0.2892,0.1071,0.2282,0.2627,21.98,21.98,0.0,0.0,True,False,research-expert -> mathematics-expert -> coding-expert -> physics-expert -> mathematics-expert
88,0.2241,0.1859,0.1193,0.3371,0.2621,21.98,21.98,0.0,0.0,True,False,research-expert -> mathematics-expert -> coding-expert -> physics-expert -> mathematics-expert
89,0.1502,0.323,0.0925,0.2767,0.4157,21.98,21.98,0.0,0.0,True,False,research-expert -> mathematics-expert -> coding-expert -> physics-expert -> mathematics-expert
90,0.2537,0.3229,0.1152,0.2777,0.2625,21.98,21.98,0.0,0.0,True,False,research-expert -> mathematics-expert -> coding-expert -> physics-expert -> mathematics-expert
91,0.2333,0.2588,0.0955,0.3731,0.2684,21.98,21.98,0.0,0.0,True,False,research-expert -> mathematics-expert -> coding-expert -> physics-expert -> mathematics-expert
92,0.1991,0.1767,0.0981,0.2201,0.27,21.98,21.98,0.0,0.0,True,False,research-expert -> mathematics-expert -> coding-expert -> physics-expert -> mathematics-expert
93,0.1541,0.2724,0.1148,0.315,0.4471,21.98,21.98,0.0,0.0,True,False,research-expert -> mathematics-expert -> coding-expert -> physics-expert -> mathematics-expert
94,0.185,0.2179,0.1221,0.2502,0.4473,21.98,21.98,0.0,0.0,True,False,research-expert -> mathematics-expert -> coding-expert -> physics-expert -> mathematics-expert
95,0.1415,0.3205,0.0726,0.3704,0.3558,21.98,21.98,0.0,0.0,True,False,research-expert -> mathematics-expert -> coding-expert -> physics-expert -> mathematics-expert
96,0.2592,0.1861,0.1032,0.3845,0.3549,21.98,21.98,0.0,0.0,True,False,research-expert -> mathematics-expert -> coding-expert -> physics-expert -> mathematics-expert
97,0.2155,0.2794,0.0973,0.323,0.3677,21.98,21.98,0.0,0.0,True,False,research-expert -> mathematics-expert -> coding-expert -> physics-expert -> mathematics-expert
98,0.2481,0.1818,0.0869,0.3811,0.432,21.98,21.98,0.0,0.0,True,False,research-expert -> mathematics-expert -> coding-expert -> physics-expert -> mathematics-expert
99,0.1947,0.268,0.0866,0.2439,0.3424,21.98,21.98,0.0,0.0,True,False,research-expert -> mathematics-expert -> coding-expert -> physics-expert -> mathematics-expert
100,0.1824,0.2625,0.0747,0.3854,0.4521,21.98,21.98,0.0,0.0,True,False,research-expert -> mathematics-expert -> coding-expert -> physics-expert -> mathematics-expert
101,0.2238,0.2554,0.0886,0.3565,0.3888,21.98,21.98,0.0,0.0,True,False,research-expert -> mathematics-expert -> coding-expert -> physics-expert -> mathematics-expert
102,0.1595,0.3116,0.1194,0.381,0.3974,21.98,21.98,0.0,0.0,True,False,research-expert -> mathematics-expert -> coding-expert -> physics-expert -> mathematics-expert
103,0.2136,0.2377,0.126,0.3659,0.2545,21.98,21.98,0.0,0.0,True,False,research-expert -> mathematics-expert -> coding-expert -> physics-expert -> mathematics-expert
104,0.1432,0.2315,0.1186,0.3877,0.2766,21.98,21.98,0.0,0.0,True,False,research-expert -> mathematics-expert -> coding-expert -> physics-expert -> mathematics-expert
105,0.2113,0.2321,0.1282,0.3616,0.421,21.98,21.98,0.0,0.0,True,False,research-expert -> mathematics-expert -> coding-expert -> physics-expert -> mathematics-expert
106,0.1962,0.2372,0.0864,0.2201,0.4266,21.98,21.98,0.0,0.0,True,False,research-expert -> mathematics-expert -> coding-expert -> physics-expert -> mathematics-expert
107,0.2375,0.325,0.1298,0.31,0.4065,21.98,21.98,0.0,0.0,True,False,research-expert -> mathematics-expert -> coding-expert -> physics-expert -> mathematics-expert
108,0.2534,0.3024,0.0848,0.2911,0.2721,21.98,21.98,0.0,0.0,True,False,research-expert -> mathematics-expert -> coding-expert -> physics-expert -> mathematics-expert
109,0.2545,0.2659,0.0837,0.3309,0.3748,21.98,21.98,0.0,0.0,True,False,research-expert -> mathematics-expert -> coding-expert -> physics-expert -> mathematics-expert
110,0.183,0.192,0.1103,0.3037,0.4072,21.98,21.98,0.0,0.0,True,False,research-expert -> mathematics-expert -> coding-expert -> physics-expert -> mathematics-expert
111,0.2024,0.3028,0.1031,0.311,0.4291,21.98,21.98,0.0,0.0,True,False,research-expert -> mathematics-expert -> coding-expert -> physics-expert -> mathematics-expert
112,0.1884,0.1951,0.0717,0.3459,0.3753,21.98,21.98,0.0,0.0,True,False,research-expert -> mathematics-expert -> coding-expert -> physics-expert -> mathematics-expert
113,0.2245,0.2069,0.0782,0.2126,0.3186,21.98,21.98,0.0,0.0,True,False,research-expert -> mathematics-expert -> coding-expert -> physics-expert -> mathematics-expert
114,0.2108,0.2338,0.0962,0.3727,0.3181,21.98,21.98,0.0,0.0,True,False,research-expert -> mathematics-expert -> coding-expert -> physics-expert -> mathematics-expert
115,0.2017,0.2925,0.0938,0.322,0.4261,21.98,21.98,0.0,0.0,True,False,research-expert -> mathematics-expert -> coding-expert -> physics-expert -> mathematics-expert
116,0.2539,0.1971,0.1256,0.2986,0.2992,21.98,21.98,0.0,0.0,True,False,research-expert -> mathematics-expert -> coding-expert -> physics-expert -> mathematics-expert
117,0.1951,0.322,0.0996,0.2692,0.378,21.98,21.98,0.0,0.0,True,False,research-expert -> mathematics-expert -> coding-expert -> physics-expert -> mathematics-expert
118,0.1688,0.1864,0.0777,0.233,0.2769,21.98,21.98,0.0,0.0,True,False,research-expert -> mathematics-expert -> coding-expert -> physics-expert -> mathematics-expert
119,0.1567,0.2711,0.0809,0.2722,0.4333,21.98,21.98,0.0,0.0,True,False,research-expert -> mathematics-expert -> coding-expert -> physics-expert -> mathematics-expert
120,0.1969,0.2751,0.0803,0.2446,0.2536,21.98,21.98,0.0,0.0,True,False,research-expert -> mathematics-expert -> coding-expert -> physics-expert -> mathematics-expert
121,0.1603,0.2168,0.0806,0.226,0.2703,21.98,21.98,0.0,0.0,True,False,research-expert -> mathematics-expert -> coding-expert -> physics-expert -> mathematics-expert
122,0.1953,0.206,0.0919,0.3006,0.39,21.98,21.98,0.0,0.0,True,False,research-expert -> mathematics-expert -> coding-expert -> physics-expert -> mathematics-expert
123,0.1447,0.2949,0.1077,0.2247,0.4285,21.98,21.98,0.0,0.0,True,False,research-expert -> mathematics-expert -> coding-expert -> physics-expert -> mathematics-expert
124,0.2505,0.1842,0.0866,0.3551,0.4021,21.98,21.98,0.0,0.0,True,False,research-expert -> mathematics-expert -> coding-expert -> physics-expert -> mathematics-expert
125,0.1621,0.2064,0.0922,0.2972,0.3748,21.98,21.98,0.0,0.0,True,False,research-expert -> mathematics-expert -> coding-expert -> physics-expert -> mathematics-expert
126,0.1843,0.2444,0.1148,0.2166,0.298,21.98,21.98,0.0,0.0,True,False,research-expert -> mathematics-expert -> coding-expert -> physics-expert -> mathematics-expert
127,0.2256,0.3093,0.1007,0.3058,0.2675,21.98,21.98,0.0,0.0,True,False,research-expert -> mathematics-expert -> coding-expert -> physics-expert -> mathematics-expert
128,0.1937,0.2549,0.0845,0.2585,0.3242,21.98,21.98,0.0,0.0,True,False,research-expert -> mathematics-expert -> coding-expert -> physics-expert -> mathematics-expert
129,0.1424,0.2233,0.0827,0.2689,0.2702,21.98,21.98,0.0,0.0,True,False,research-expert -> mathematics-expert -> coding-expert -> physics-expert -> mathematics-expert
130,0.2469,0.264,0.1107,0.3521,0.3497,21.98,21.98,0.0,0.0,True,False,research-expert -> mathematics-expert -> coding-expert -> physics-expert -> mathematics-expert
131,0.1504,0.2556,0.1052,0.3442,0.3356,21.98,21.98,0.0,0.0,True,False,research-expert -> mathematics-expert -> coding-expert -> physics-expert -> mathematics-expert
132,0.1553,0.2176,0.0918,0.3263,0.3649,21.98,21.98,0.0,0.0,True,False,research-expert -> mathematics-expert -> coding-expert -> physics-expert -> mathematics-expert
133,0.1827,0.323,0.1063,0.2527,0.2664,21.98,21.98,0.0,0.0,True,False,research-expert -> mathematics-expert -> coding-expert -> physics-expert -> mathematics-expert
134,0.1583,0.2119,0.0796,0.2436,0.3049,21.98,21.98,0.0,0.0,True,False,research-expert -> mathematics-expert -> coding-expert -> physics-expert -> mathematics-expert
135,0.1608,0.3095,0.0748,0.3044,0.3312,21.98,21.98,0.0,0.0,True,False,research-expert -> mathematics-expert -> coding-expert -> physics-expert -> mathematics-expert
136,0.2579,0.1918,0.0939,0.3845,0.4268,21.98,21.98,0.0,0.0,True,False,research-expert -> mathematics-expert -> coding-expert -> physics-expert -> mathematics-expert
137,0.238,0.2137,0.0803,0.3304,0.4402,21.98,21.98,0.0,0.0,True,False,research-expert -> mathematics-expert -> coding-expert -> physics-expert -> mathematics-expert
138,0.2068,0.2607,0.0868,0.3485,0.2843,21.98,21.98,0.0,0.0,True,False,research-expert -> mathematics-expert -> coding-expert -> physics-expert -> mathematics-expert
139,0.1788,0.2388,0.1005,0.2536,0.2691,21.98,21.98,0.0,0.0,True,False,research-expert -> mathematics-expert -> coding-expert -> physics-expert -> mathematics-expert
140,0.2133,0.2183,0.1049,0.2378,0.346,21.98,21.98,0.0,0.0,True,False,research-expert -> mathematics-expert -> coding-expert -> physics-expert -> mathematics-expert
141,0.2039,0.1828,0.0902,0.2342,0.2583,21.98,21.98,0.0,0.0,True,False,research-expert -> mathematics-expert -> coding-expert -> physics-expert -> mathematics-expert
142,0.2588,0.2234,0.1186,0.2558,0.3881,21.98,21.98,0.0,0.0,True,False,research-expert -> mathematics-expert -> coding-expert -> physics-expert -> mathematics-expert
143,0.2312,0.2643,0.0983,0.2841,0.3183,21.98,21.98,0.0,0.0,True,False,research-expert -> mathematics-expert -> coding-expert -> physics-expert -> mathematics-expert
144,0.2515,0.2996,0.1279,0.2324,0.3985,21.98,21.98,0.0,0.0,True,False,research-expert -> mathematics-expert -> coding-expert -> physics-expert -> mathematics-expert
145,0.2526,0.2022,0.074,0.3434,0.3656,21.98,21.98,0.0,0.0,True,False,research-expert -> mathematics-expert -> coding-expert -> physics-expert -> mathematics-expert
146,0.241,0.196,0.1177,0.2463,0.2794,21.98,21.98,0.0,0.0,True,False,research-expert -> mathematics-expert -> coding-expert -> physics-expert -> mathematics-expert
147,0.1597,0.2972,0.1099,0.3042,0.3204,21.98,21.98,0.0,0.0,True,False,research-expert -> mathematics-expert -> coding-expert -> physics-expert -> mathematics-expert
148,0.2453,0.2339,0.119,0.289,0.3242,21.98,21.98,0.0,0.0,True,False,research-expert -> mathematics-expert -> coding-expert -> physics-expert -> mathematics-expert
149,0.1955,0.2202,0.1149,0.3005,0.2938,21.98,21.98,0.0,0.0,True,False,research-expert -> mathematics-expert -> coding-expert -> physics-expert -> mathematics-expert
150,0.2479,0.2326,0.1026,0.3732,0.3761,21.98,21.98,0.0,0.0,True,False,research-expert -> mathematics-expert -> coding-expert -> physics-expert -> mathematics-expert
151,0.154,0.316,0.1077,0.2703,0.2742,21.98,21.98,0.0,0.0,True,False,research-expert -> mathematics-expert -> coding-expert -> physics-expert -> mathematics-expert
152,0.2353,0.268,0.102,0.3709,0.4106,21.98,21.98,0.0,0.0,True,False,research-expert -> mathematics-expert -> coding-expert -> physics-expert -> mathematics-expert
153,0.1582,0.2218,0.0849,0.3439,0.252,21.98,21.98,0.0,0.0,True,False,research-expert -> mathematics-expert -> coding-expert -> physics-expert -> mathematics-expert
154,0.2084,0.2894,0.1226,0.2716,0.4175,21.98,21.98,0.0,0.0,True,False,research-expert -> mathematics-expert -> coding-expert -> physics-expert -> mathematics-expert
155,0.1533,0.302,0.0776,0.2815,0.4124,21.98,21.98,0.0,0.0,True,False,research-expert -> mathematics-expert -> coding-expert -> physics-expert -> mathematics-expert
156,0.158,0.2094,0.1133,0.3396,0.3796,21.98,21.98,0.0,0.0,True,False,research-expert -> mathematics-expert -> coding-expert -> physics-expert -> mathematics-expert
157,0.2233,0.2564,0.0851,0.2722,0.2831,21.98,21.98,0.0,0.0,True,False,research-expert -> mathematics-expert -> coding-expert -> physics-expert -> mathematics-expert
158,0.249,0.2625,0.0941,0.2932,0.4439,21.98,21.98,0.0,0.0,True,False,research-expert -> mathematics-expert -> coding-expert -> physics-expert -> mathematics-expert
159,0.1584,0.2629,0.1004,0.3201,0.2488,21.98,21.98,0.0,0.0,True,False,research-expert -> mathematics-expert -> coding-expert -> physics-expert -> mathematics-expert
160,0.2447,0.3148,0.1039,0.3354,0.4387,21.98,21.98,0.0,0.0,True,False,research-expert -> mathematics-expert -> coding-expert -> physics-expert -> mathematics-expert
161,0.2249,0.1979,0.1046,0.3192,0.3341,21.98,21.98,0.0,0.0,True,False,research-expert -> mathematics-expert -> coding-expert -> physics-expert -> mathematics-expert
162,0.2284,0.3152,0.1255,0.2912,0.2688,21.98,21.98,0.0,0.0,True,False,research-expert -> mathematics-expert -> coding-expert -> physics-expert -> mathematics-expert
163,0.2582,0.3008,0.0775,0.3758,0.4277,21.98,21.98,0.0,0.0,True,False,research-expert -> mathematics-expert -> coding-expert -> physics-expert -> mathematics-expert
164,0.2023,0.2637,0.0939,0.2199,0.3154,21.98,21.98,0.0,0.0,True,False,research-expert -> mathematics-expert -> coding-expert -> physics-expert -> mathematics-expert
165,0.2363,0.1757,0.09,0.2817,0.3579,21.98,21.98,0.0,0.0,True,False,research-expert -> mathematics-expert -> coding-expert -> physics-expert -> mathematics-expert
166,0.2504,0.227,0.0908,0.3428,0.34,21.98,21.98,0.0,0.0,True,False,research-expert -> mathematics-expert -> coding-expert -> physics-expert -> mathematics-expert
167,0.167,0.2429,0.0785,0.2417,0.3497,21.98,21.98,0.0,0.0,True,False,research-expert -> mathematics-expert -> coding-expert -> physics-expert -> mathematics-expert
168,0.1903,0.3122,0.0917,0.3145,0.3778,21.98,21.98,0.0,0.0,True,False,research-expert -> mathematics-expert -> coding-expert -> physics-expert -> mathematics-expert
169,0.1416,0.2745,0.0807,0.383,0.2762,21.98,21.98,0.0,0.0,True,False,research-expert -> mathematics-expert -> coding-expert -> physics-expert -> mathematics-expert
170,0.1898,0.1878,0.1298,0.3004,0.37,21.98,21.98,0.0,0.0,True,False,research-expert -> mathematics-expert -> coding-expert -> physics-expert -> mathematics-expert
171,0.148,0.2875,0.0826,0.3716,0.2881,21.98,21.98,0.0,0.0,True,False,research-expert -> mathematics-expert -> coding-expert -> physics-expert -> mathematics-expert
172,0.1629,0.1805,0.0983,0.3117,0.2588,21.98,21.98,0.0,0.0,True,False,research-expert -> mathematics-expert -> coding-expert -> physics-expert -> mathematics-expert
173,0.2331,0.243,0.1015,0.2893,0.3292,21.98,21.98,0.0,0.0,True,False,research-expert -> mathematics-expert -> coding-expert -> physics-expert -> mathematics-expert
174,0.2072,0.1983,0.0809,0.3651,0.4437,21.98,21.98,0.0,0.0,True,False,research-expert -> mathematics-expert -> coding-expert -> physics-expert -> mathematics-expert
175,0.1848,0.2156,0.1086,0.2836,0.2503,21.98,21.98,0.0,0.0,True,False,research-expert -> mathematics-expert -> coding-expert -> physics-expert -> mathematics-expert
176,0.1587,0.2824,0.1095,0.2149,0.2916,21.98,21.98,0.0,0.0,True,False,research-expert -> mathematics-expert -> coding-expert -> physics-expert -> mathematics-expert
177,0.1677,0.2758,0.0712,0.2287,0.413,21.98,21.98,0.0,0.0,True,False,research-expert -> mathematics-expert -> coding-expert -> physics-expert -> mathematics-expert
178,0.1614,0.2729,0.0843,0.2279,0.2961,21.98,21.98,0.0,0.0,True,False,research-expert -> mathematics-expert -> coding-expert -> physics-expert -> mathematics-expert
179,0.2267,0.3034,0.1198,0.2815,0.3853,21.98,21.98,0.0,0.0,True,False,research-expert -> mathematics-expert -> coding-expert -> physics-expert -> mathematics-expert
180,0.1646,0.219,0.1238,0.2123,0.263,21.98,21.98,0.0,0.0,True,False,research-expert -> mathematics-expert -> coding-expert -> physics-expert -> mathematics-expert
181,0.1649,0.179,0.0809,0.3149,0.3335,21.98,21.98,0.0,0.0,True,False,research-expert -> mathematics-expert -> coding-expert -> physics-expert -> mathematics-expert
182,0.2471,0.2976,0.0905,0.2567,0.3247,21.98,21.98,0.0,0.0,True,False,research-expert -> mathematics-expert -> coding-expert -> physics-expert -> mathematics-expert
183,0.2108,0.2152,0.1074,0.2837,0.3609,21.98,21.98,0.0,0.0,True,False,research-expert -> mathematics-expert -> coding-expert -> physics-expert -> mathematics-expert
184,0.1923,0.2192,0.1269,0.3474,0.2744,21.98,21.98,0.0,0.0,True,False,research-expert -> mathematics-expert -> coding-expert -> physics-expert -> mathematics-expert
185,0.2442,0.2481,0.1237,0.354,0.3343,21.98,21.98,0.0,0.0,True,False,research-expert -> mathematics-expert -> coding-expert -> physics-expert -> mathematics-expert
186,0.1427,0.2153,0.1025,0.324,0.2992,21.98,21.98,0.0,0.0,True,False,research-expert -> mathematics-expert -> coding-expert -> physics-expert -> mathematics-expert
187,0.1567,0.3002,0.1291,0.3046,0.2811,21.98,21.98,0.0,0.0,True,False,research-expert -> mathematics-expert -> coding-expert -> physics-expert -> mathematics-expert
188,0.1727,0.1778,0.1249,0.2312,0.3661,21.98,21.98,0.0,0.0,True,False,research-expert -> mathematics-expert -> coding-expert -> physics-expert -> mathematics-expert
189,0.1729,0.2581,0.1091,0.3594,0.2883,21.98,21.98,0.0,0.0,True,False,research-expert -> mathematics-expert -> coding-expert -> physics-expert -> mathematics-expert
190,0.1413,0.1955,0.124,0.3673,0.3705,21.98,21.98,0.0,0.0,True,False,research-expert -> mathematics-expert -> coding-expert -> physics-expert -> mathematics-expert
191,0.2121,0.2748,0.0805,0.3746,0.3329,21.98,21.98,0.0,0.0,True,False,research-expert -> mathematics-expert -> coding-expert -> physics-expert -> mathematics-expert
192,0.186,0.2528,0.0728,0.2399,0.4,21.98,21.98,0.0,0.0,True,False,research-expert -> mathematics-expert -> coding-expert -> physics-expert -> mathematics-expert
193,0.1499,0.2655,0.0847,0.2801,0.3056,21.98,21.98,0.0,0.0,True,False,research-expert -> mathematics-expert -> coding-expert -> physics-expert -> mathematics-expert
194,0.1827,0.2829,0.0878,0.312,0.345,21.98,21.98,0.0,0.0,True,False,research-expert -> mathematics-expert -> coding-expert -> physics-expert -> mathematics-expert
195,0.2196,0.3155,0.114,0.2487,0.2515,21.98,21.98,0.0,0.0,True,False,research-expert -> mathematics-expert -> coding-expert -> physics-expert -> mathematics-expert
196,0.1715,0.2643,0.0731,0.2993,0.3703,21.98,21.98,0.0,0.0,True,False,research-expert -> mathematics-expert -> coding-expert -> physics-expert -> mathematics-expert
197,0.1801,0.2906,0.0764,0.2235,0.3979,21.98,21.98,0.0,0.0,True,False,research-expert -> mathematics-expert -> coding-expert -> physics-expert -> mathematics-expert
198,0.1995,0.2783,0.0961,0.2544,0.417,21.98,21.98,0.0,0.0,True,False,research-expert -> mathematics-expert -> coding-expert -> physics-expert -> mathematics-expert
199,0.2359,0.2792,0.0863,0.3162,0.3208,21.98,21.98,0.0,0.0,True,False,research-expert -> mathematics-expert -> coding-expert -> physics-expert -> mathematics-expert
200,0.151,0.3126,0.0782,0.381,0.3387,21.98,21.98,0.0,0.0,True,False,research-expert -> mathematics-expert -> coding-expert -> physics-expert -> mathematics-expert
201,0.1622,0.2563,0.1224,0.3418,0.4144,21.98,21.98,0.0,0.0,True,False,research-expert -> mathematics-expert -> coding-expert -> physics-expert -> mathematics-expert
202,0.2191,0.2788,0.121,0.2549,0.3478,21.98,21.98,0.0,0.0,True,False,research-expert -> mathematics-expert -> coding-expert -> physics-expert -> mathematics-expert
203,0.1665,0.3232,0.1266,0.2171,0.3932,21.98,21.98,0.0,0.0,True,False,research-expert -> mathematics-expert -> coding-expert -> physics-expert -> mathematics-expert
204,0.251,0.2021,0.1041,0.3748,0.2521,21.98,21.98,0.0,0.0,True,False,research-expert -> mathematics-expert -> coding-expert -> physics-expert -> mathematics-expert
205,0.2237,0.2196,0.1255,0.3848,0.4433,21.98,21.98,0.0,0.0,True,False,research-expert -> mathematics-expert -> coding-expert -> physics-expert -> mathematics-expert
206,0.1969,0.3043,0.1207,0.2674,0.4191,21.98,21.98,0.0,0.0,True,False,research-expert -> mathematics-expert -> coding-expert -> physics-expert -> mathematics-expert
207,0.1444,0.2644,0.0838,0.2317,0.2612,21.98,21.98,0.0,0.0,True,False,research-expert -> mathematics-expert -> coding-expert -> physics-expert -> mathematics-expert
208,0.2236,0.226,0.1135,0.2218,0.3112,21.98,21.98,0.0,0.0,True,False,research-expert -> mathematics-expert -> coding-expert -> physics-expert -> mathematics-expert
209,0.2047,0.2936,0.0891,0.3227,0.4311,21.98,21.98,0.0,0.0,True,False,research-expert -> mathematics-expert -> coding-expert -> physics-expert -> mathematics-expert
210,0.2139,0.2099,0.0715,0.3666,0.2495,21.98,21.98,0.0,0.0,True,False,research-expert -> mathematics-expert -> coding-expert -> physics-expert -> mathematics-expert
211,0.245,0.2543,0.1263,0.3538,0.4546,21.98,21.98,0.0,0.0,True,False,research-expert -> mathematics-expert -> coding-expert -> physics-expert -> mathematics-expert
212,0.1821,0.2901,0.0941,0.2964,0.3768,21.98,21.98,0.0,0.0,True,False,research-expert -> mathematics-expert -> coding-expert -> physics-expert -> mathematics-expert
213,0.2448,0.3226,0.1161,0.2852,0.3335,21.98,21.98,0.0,0.0,True,False,research-expert -> mathematics-expert -> coding-expert -> physics-expert -> mathematics-expert
214,0.2285,0.2108,0.0766,0.2738,0.3053,21.98,21.98,0.0,0.0,True,False,research-expert -> mathematics-expert -> coding-expert -> physics-expert -> mathematics-expert
215,0.1756,0.21,0.0725,0.2132,0.4524,21.98,21.98,0.0,0.0,True,False,research-expert -> mathematics-expert -> coding-expert -> physics-expert -> mathematics-expert
216,0.1913,0.2326,0.1108,0.2493,0.4445,21.98,21.98,0.0,0.0,True,False,research-expert -> mathematics-expert -> coding-expert -> physics-expert -> mathematics-expert
217,0.2344,0.1884,0.0951,0.3682,0.4434,21.98,21.98,0.0,0.0,True,False,research-expert -> mathematics-expert -> coding-expert -> physics-expert -> mathematics-expert
218,0.1961,0.267,0.08,0.3884,0.2937,21.98,21.98,0.0,0.0,True,False,research-expert -> mathematics-expert -> coding-expert -> physics-expert -> mathematics-expert
219,0.2531,0.2724,0.1065,0.3023,0.2934,21.98,21.98,0.0,0.0,True,False,research-expert -> mathematics-expert -> coding-expert -> physics-expert -> mathematics-expert
220,0.1612,0.2081,0.0812,0.3503,0.3185,21.98,21.98,0.0,0.0,True,False,research-expert -> mathematics-expert -> coding-expert -> physics-expert -> mathematics-expert
221,0.1469,0.3204,0.123,0.377,0.4539,21.98,21.98,0.0,0.0,True,False,research-expert -> mathematics-expert -> coding-expert -> physics-expert -> mathematics-expert
222,0.1609,0.2344,0.1155,0.3353,0.2773,21.98,21.98,0.0,0.0,True,False,research-expert -> mathematics-expert -> coding-expert -> physics-expert -> mathematics-expert
223,0.2379,0.2087,0.0834,0.3067,0.3695,21.98,21.98,0.0,0.0,True,False,research-expert -> mathematics-expert -> coding-expert -> physics-expert -> mathematics-expert
224,0.2096,0.1887,0.1226,0.2578,0.2722,21.98,21.98,0.0,0.0,True,False,research-expert -> mathematics-expert -> coding-expert -> physics-expert -> mathematics-expert
225,0.2466,0.3183,0.1217,0.3557,0.3826,21.98,21.98,0.0,0.0,True,False,research-expert -> mathematics-expert -> coding-expert -> physics-expert -> mathematics-expert
226,0.2061,0.188,0.0945,0.2771,0.2995,21.98,21.98,0.0,0.0,True,False,research-expert -> mathematics-expert -> coding-expert -> physics-expert -> mathematics-expert
227,0.2268,0.2494,0.0749,0.2496,0.3885,21.98,21.98,0.0,0.0,True,False,research-expert -> mathematics-expert -> coding-expert -> physics-expert -> mathematics-expert
228,0.1491,0.3027,0.0997,0.2965,0.3694,21.98,21.98,0.0,0.0,True,False,research-expert -> mathematics-expert -> coding-expert -> physics-expert -> mathematics-expert
229,0.239,0.2272,0.1107,0.3118,0.3011,21.98,21.98,0.0,0.0,True,False,research-expert -> mathematics-expert -> coding-expert -> physics-expert -> mathematics-expert
230,0.2454,0.2946,0.1095,0.3631,0.4271,21.98,21.98,0.0,0.0,True,False,research-expert -> mathematics-expert -> coding-expert -> physics-expert -> mathematics-expert
231,0.225,0.3006,0.1118,0.3324,0.3749,21.98,21.98,0.0,0.0,True,False,research-expert -> mathematics-expert -> coding-expert -> physics-expert -> mathematics-expert
232,0.2303,0.1988,0.1229,0.3669,0.2511,21.98,21.98,0.0,0.0,True,False,research-expert -> mathematics-expert -> coding-expert -> physics-expert -> mathematics-expert
233,0.2391,0.1943,0.0901,0.3438,0.2788,21.98,21.98,0.0,0.0,True,False,research-expert -> mathematics-expert -> coding-expert -> physics-expert -> mathematics-expert
234,0.2382,0.2998,0.1004,0.2111,0.3053,21.98,21.98,0.0,0.0,True,False,research-expert -> mathematics-expert -> coding-expert -> physics-expert -> mathematics-expert
235,0.214,0.3222,0.1079,0.2568,0.3781,21.98,21.98,0.0,0.0,True,False,research-expert -> mathematics-expert -> coding-expert -> physics-expert -> mathematics-expert
236,0.2048,0.292,0.0764,0.347,0.3587,21.98,21.98,0.0,0.0,True,False,research-expert -> mathematics-expert -> coding-expert -> physics-expert -> mathematics-expert
237,0.2556,0.2263,0.108,0.3778,0.2665,21.98,21.98,0.0,0.0,True,False,research-expert -> mathematics-expert -> coding-expert -> physics-expert -> mathematics-expert
238,0.2525,0.2782,0.0741,0.2642,0.3937,21.98,21.98,0.0,0.0,True,False,research-expert -> mathematics-expert -> coding-expert -> physics-expert -> mathematics-expert
239,0.1481,0.2623,0.0908,0.3218,0.2546,21.98,21.98,0.0,0.0,True,False,research-expert -> mathematics-expert -> coding-expert -> physics-expert -> mathematics-expert
240,0.2446,0.321,0.1281,0.3449,0.2723,21.98,21.98,0.0,0.0,True,False,research-expert -> mathematics-expert -> coding-expert -> physics-expert -> mathematics-expert
241,0.231,0.1787,0.0713,0.2682,0.3476,21.98,21.98,0.0,0.0,True,False,research-expert -> mathematics-expert -> coding-expert -> physics-expert -> mathematics-expert
242,0.2324,0.2775,0.0968,0.2593,0.4544,21.98,21.98,0.0,0.0,True,False,research-expert -> mathematics-expert -> coding-expert -> physics-expert -> mathematics-expert
243,0.1911,0.2427,0.0798,0.3531,0.3907,21.98,21.98,0.0,0.0,True,False,research-expert -> mathematics-expert -> coding-expert -> physics-expert -> mathematics-expert
244,0.1665,0.1874,0.1108,0.3278,0.3024,21.98,21.98,0.0,0.0,True,False,research-expert -> mathematics-expert -> coding-expert -> physics-expert -> mathematics-expert
245,0.2541,0.1977,0.0959,0.3799,0.3331,21.98,21.98,0.0,0.0,True,False,research-expert -> mathematics-expert -> coding-expert -> physics-expert -> mathematics-expert
246,0.2166,0.2346,0.0865,0.3871,0.331,21.98,21.98,0.0,0.0,True,False,research-expert -> mathematics-expert -> coding-expert -> physics-expert -> mathematics-expert
247,0.2473,0.2095,0.0828,0.2156,0.3819,21.98,21.98,0.0,0.0,True,False,research-expert -> mathematics-expert -> coding-expert -> physics-expert -> mathematics-expert
248,0.1842,0.3047,0.0984,0.3843,0.284,21.98,21.98,0.0,0.0,True,False,research-expert -> mathematics-expert -> coding-expert -> physics-expert -> mathematics-expert
249,0.2442,0.2915,0.1163,0.3621,0.4048,21.98,21.98,0.0,0.0,True,False,research-expert -> mathematics-expert -> coding-expert -> physics-expert -> mathematics-expert
250,0.2151,0.1947,0.072,0.3758,0.3745,21.98,21.98,0.0,0.0,True,False,research-expert -> mathematics-expert -> coding-expert -> physics-expert -> mathematics-expert
251,0.2356,0.2472,0.077,0.2325,0.389,21.98,21.98,0.0,0.0,True,False,research-expert -> mathematics-expert -> coding-expert -> physics-expert -> mathematics-expert
252,0.1916,0.2051,0.0995,0.2216,0.3672,21.98,21.98,0.0,0.0,True,False,research-expert -> mathematics-expert -> coding-expert -> physics-expert -> mathematics-expert
253,0.1723,0.2946,0.0886,0.2919,0.2474,21.98,21.98,0.0,0.0,True,False,research-expert -> mathematics-expert -> coding-expert -> physics-expert -> mathematics-expert
254,0.1487,0.2339,0.0988,0.318,0.3062,21.98,21.98,0.0,0.0,True,False,research-expert -> mathematics-expert -> coding-expert -> physics-expert -> mathematics-expert
255,0.2234,0.304,0.1168,0.2171,0.3459,21.98,21.98,0.0,0.0,True,False,research-expert -> mathematics-expert -> coding-expert -> physics-expert -> mathematics-expert
256,0.1526,0.2113,0.1292,0.2356,0.3498,21.98,21.98,0.0,0.0,True,False,research-expert -> mathematics-expert -> coding-expert -> physics-expert -> mathematics-expert
257,0.2142,0.2804,0.1036,0.2118,0.3136,21.98,21.98,0.0,0.0,True,False,research-expert -> mathematics-expert -> coding-expert -> physics-expert -> mathematics-expert
258,0.2021,0.1882,0.091,0.216,0.2615,21.98,21.98,0.0,0.0,True,False,research-expert -> mathematics-expert -> coding-expert -> physics-expert -> mathematics-expert
259,0.1876,0.1949,0.1041,0.3341,0.4131,21.98,21.98,0.0,0.0,True,False,research-expert -> mathematics-expert -> coding-expert -> physics-expert -> mathematics-expert
260,0.164,0.2001,0.0763,0.3246,0.3934,21.98,21.98,0.0,0.0,True,False,research-expert -> mathematics-expert -> coding-expert -> physics-expert -> mathematics-expert
261,0.1438,0.3154,0.0731,0.3074,0.3939,21.98,21.98,0.0,0.0,True,False,research-expert -> mathematics-expert -> coding-expert -> physics-expert -> mathematics-expert
262,0.2445,0.2821,0.1181,0.2711,0.4161,21.98,21.98,0.0,0.0,True,False,research-expert -> mathematics-expert -> coding-expert -> physics-expert -> mathematics-expert
263,0.1496,0.3092,0.1029,0.3571,0.34,21.98,21.98,0.0,0.0,True,False,research-expert -> mathematics-expert -> coding-expert -> physics-expert -> mathematics-expert
264,0.2172,0.254,0.1139,0.2247,0.2577,21.98,21.98,0.0,0.0,True,False,research-expert -> mathematics-expert -> coding-expert -> physics-expert -> mathematics-expert
265,0.1697,0.1989,0.1223,0.2495,0.4499,21.98,21.98,0.0,0.0,True,False,research-expert -> mathematics-expert -> coding-expert -> physics-expert -> mathematics-expert
266,0.1804,0.2023,0.1174,0.3286,0.3496,21.98,21.98,0.0,0.0,True,False,research-expert -> mathematics-expert -> coding-expert -> physics-expert -> mathematics-expert
267,0.2066,0.2829,0.0837,0.3893,0.4497,21.98,21.98,0.0,0.0,True,False,research-expert -> mathematics-expert -> coding-expert -> physics-expert -> mathematics-expert
268,0.218,0.2049,0.1108,0.223,0.2514,21.98,21.98,0.0,0.0,True,False,research-expert -> mathematics-expert -> coding-expert -> physics-expert -> mathematics-expert
269,0.1709,0.2444,0.1221,0.3409,0.401,21.98,21.98,0.0,0.0,True,False,research-expert -> mathematics-expert -> coding-expert -> physics-expert -> mathematics-expert
270,0.1911,0.2269,0.0923,0.3878,0.2534,21.98,21.98,0.0,0.0,True,False,research-expert -> mathematics-expert -> coding-expert -> physics-expert -> mathematics-expert
271,0.244,0.2618,0.0963,0.3405,0.3472,21.98,21.98,0.0,0.0,True,False,research-expert -> mathematics-expert -> coding-expert -> physics-expert -> mathematics-expert
272,0.2448,0.3101,0.0953,0.2598,0.3694,21.98,21.98,0.0,0.0,True,False,research-expert -> mathematics-expert -> coding-expert -> physics-expert -> mathematics-expert
273,0.2495,0.2066,0.1074,0.3237,0.399,21.98,21.98,0.0,0.0,True,False,research-expert -> mathematics-expert -> coding-expert -> physics-expert -> mathematics-expert
274,0.1558,0.2824,0.1245,0.2423,0.2949,21.98,21.98,0.0,0.0,True,False,research-expert -> mathematics-expert -> coding-expert -> physics-expert -> mathematics-expert
275,0.2566,0.2021,0.1213,0.2986,0.2969,21.98,21.98,0.0,0.0,True,False,research-expert -> mathematics-expert -> coding-expert -> physics-expert -> mathematics-expert
276,0.2445,0.2418,0.1009,0.2747,0.3695,21.98,21.98,0.0,0.0,True,False,research-expert -> mathematics-expert -> coding-expert -> physics-expert -> mathematics-expert
277,0.1596,0.2337,0.1282,0.2565,0.3829,21.98,21.98,0.0,0.0,True,False,research-expert -> mathematics-expert -> coding-expert -> physics-expert -> mathematics-expert
278,0.179,0.291,0.0779,0.3846,0.3403,21.98,21.98,0.0,0.0,True,False,research-expert -> mathematics-expert -> coding-expert -> physics-expert -> mathematics-expert
279,0.1683,0.186,0.0802,0.3036,0.3158,21.98,21.98,0.0,0.0,True,False,research-expert -> mathematics-expert -> coding-expert -> physics-expert -> mathematics-expert
280,0.2395,0.2396,0.0849,0.3211,0.3934,21.98,21.98,0.0,0.0,True,False,research-expert -> mathematics-expert -> coding-expert -> physics-expert -> mathematics-expert
281,0.16,0.2001,0.0722,0.3426,0.3844,21.98,21.98,0.0,0.0,True,False,research-expert -> mathematics-expert -> coding-expert -> physics-expert -> mathematics-expert
282,0.197,0.3016,0.1183,0.3154,0.4273,21.98,21.98,0.0,0.0,True,False,research-expert -> mathematics-expert -> coding-expert -> physics-expert -> mathematics-expert
283,0.1647,0.1918,0.0862,0.2203,0.3565,21.98,21.98,0.0,0.0,True,False,research-expert -> mathematics-expert -> coding-expert -> physics-expert -> mathematics-expert
284,0.2524,0.1809,0.0773,0.2914,0.4411,21.98,21.98,0.0,0.0,True,False,research-expert -> mathematics-expert -> coding-expert -> physics-expert -> mathematics-expert
285,0.1779,0.2511,0.0725,0.2367,0.4522,21.98,21.98,0.0,0.0,True,False,research-expert -> mathematics-expert -> coding-expert -> physics-expert -> mathematics-expert
286,0.2558,0.1757,0.1271,0.325,0.4273,21.98,21.98,0.0,0.0,True,False,research-expert -> mathematics-expert -> coding-expert -> physics-expert -> mathematics-expert
287,0.1946,0.2523,0.0993,0.33,0.2743,21.98,21.98,0.0,0.0,True,False,research-expert -> mathematics-expert -> coding-expert -> physics-expert -> mathematics-expert
288,0.1436,0.2212,0.1123,0.2463,0.3864,21.98,21.98,0.0,0.0,True,False,research-expert -> mathematics-expert -> coding-expert -> physics-expert -> mathematics-expert
289,0.2564,0.1891,0.1104,0.2899,0.4273,21.98,21.98,0.0,0.0,True,False,research-expert -> mathematics-expert -> coding-expert -> physics-expert -> mathematics-expert
290,0.1613,0.2789,0.1203,0.38,0.3885,21.98,21.98,0.0,0.0,True,False,research-expert -> mathematics-expert -> coding-expert -> physics-expert -> mathematics-expert
291,0.1997,0.2677,0.1221,0.3127,0.2514,21.98,21.98,0.0,0.0,True,False,research-expert -> mathematics-expert -> coding-expert -> physics-expert -> mathematics-expert
292,0.2517,0.2784,0.1106,0.2488,0.3834,21.98,21.98,0.0,0.0,True,False,research-expert -> mathematics-expert -> coding-expert -> physics-expert -> mathematics-expert
293,0.1873,0.2727,0.0764,0.3284,0.4549,21.98,21.98,0.0,0.0,True,False,research-expert -> mathematics-expert -> coding-expert -> physics-expert -> mathematics-expert
294,0.1458,0.3216,0.0944,0.3667,0.4093,21.98,21.98,0.0,0.0,True,False,research-expert -> mathematics-expert -> coding-expert -> physics-expert -> mathematics-expert
295,0.208,0.2858,0.1227,0.2827,0.3137,21.98,21.98,0.0,0.0,True,False,research-expert -> mathematics-expert -> coding-expert -> physics-expert -> mathematics-expert
296,0.2201,0.2962,0.1157,0.3536,0.3365,21.98,21.98,0.0,0.0,True,False,research-expert -> mathematics-expert -> coding-expert -> physics-expert -> mathematics-expert
297,0.2381,0.193,0.1027,0.211,0.3132,21.98,21.98,0.0,0.0,True,False,research-expert -> mathematics-expert -> coding-expert -> physics-expert -> mathematics-expert
298,0.184,0.2344,0.1117,0.2799,0.3392,21.98,21.98,0.0,0.0,True,False,research-expert -> mathematics-expert -> coding-expert -> physics-expert -> mathematics-expert
299,0.1685,0.231,0.0836,0.2232,0.3717,21.98,21.98,0.0,0.0,True,False,research-expert -> mathematics-expert -> coding-expert -> physics-expert -> mathematics-expert
300,0.2202,0.2679,0.0978,0.2784,0.4263,21.98,21.98,0.0,0.0,True,False,research-expert -> mathematics-expert -> coding-expert -> physics-expert -> mathematics-expert
301,0.2023,0.2469,0.0715,0.2714,0.3248,21.98,21.98,0.0,0.0,True,False,research-expert -> mathematics-expert -> coding-expert -> physics-expert -> mathematics-expert
302,0.1879,0.262,0.102,0.3194,0.4056,21.98,21.98,0.0,0.0,True,False,research-expert -> mathematics-expert -> coding-expert -> physics-expert -> mathematics-expert
303,0.2376,0.2827,0.1273,0.2133,0.2861,21.98,21.98,0.0,0.0,True,False,research-expert -> mathematics-expert -> coding-expert -> physics-expert -> mathematics-expert
304,0.1409,0.2721,0.1239,0.2538,0.4397,21.98,21.98,0.0,0.0,True,False,research-expert -> mathematics-expert -> coding-expert -> physics-expert -> mathematics-expert
305,0.1472,0.3152,0.0911,0.2283,0.347,21.98,21.98,0.0,0.0,True,False,research-expert -> mathematics-expert -> coding-expert -> physics-expert -> mathematics-expert
306,0.1708,0.2177,0.0884,0.3545,0.3582,21.98,21.98,0.0,0.0,True,False,research-expert -> mathematics-expert -> coding-expert -> physics-expert -> mathematics-expert
307,0.1774,0.2666,0.113,0.2591,0.3318,21.98,21.98,0.0,0.0,True,False,research-expert -> mathematics-expert -> coding-expert -> physics-expert -> mathematics-expert
308,0.1546,0.2022,0.1109,0.2427,0.3553,21.98,21.98,0.0,0.0,True,False,research-expert -> mathematics-expert -> coding-expert -> physics-expert -> mathematics-expert
309,0.2251,0.191,0.104,0.2562,0.4472,21.98,21.98,0.0,0.0,True,False,research-expert -> mathematics-expert -> coding-expert -> physics-expert -> mathematics-expert
310,0.198,0.2959,0.103,0.2178,0.378,21.98,21.98,0.0,0.0,True,False,research-expert -> mathematics-expert -> coding-expert -> physics-expert -> mathematics-expert
311,0.2542,0.2652,0.1192,0.3692,0.2929,21.98,21.98,0.0,0.0,True,False,research-expert -> mathematics-expert -> coding-expert -> physics-expert -> mathematics-expert
312,0.1654,0.2666,0.0947,0.3612,0.434,21.98,21.98,0.0,0.0,True,False,research-expert -> mathematics-expert -> coding-expert -> physics-expert -> mathematics-expert
313,0.1824,0.2105,0.1168,0.2595,0.4177,21.98,21.98,0.0,0.0,True,False,research-expert -> mathematics-expert -> coding-expert -> physics-expert -> mathematics-expert
314,0.1908,0.2751,0.0757,0.3223,0.3399,21.98,21.98,0.0,0.0,True,False,research-expert -> mathematics-expert -> coding-expert -> physics-expert -> mathematics-expert
315,0.2104,0.2002,0.1142,0.3653,0.2905,21.98,21.98,0.0,0.0,True,False,research-expert -> mathematics-expert -> coding-expert -> physics-expert -> mathematics-expert
316,0.1515,0.1785,0.1085,0.3193,0.3598,21.98,21.98,0.0,0.0,True,False,research-expert -> mathematics-expert -> coding-expert -> physics-expert -> mathematics-expert
317,0.1678,0.2336,0.1057,0.2994,0.4524,21.98,21.98,0.0,0.0,True,False,research-expert -> mathematics-expert -> coding-expert -> physics-expert -> mathematics-expert
318,0.1564,0.2793,0.0943,0.2871,0.3957,21.98,21.98,0.0,0.0,True,False,research-expert -> mathematics-expert -> coding-expert -> physics-expert -> mathematics-expert
319,0.2231,0.3237,0.0777,0.2287,0.3971,21.98,21.98,0.0,0.0,True,False,research-expert -> mathematics-expert -> coding-expert -> physics-expert -> mathematics-expert
320,0.2094,0.2161,0.0748,0.2254,0.4328,21.98,21.98,0.0,0.0,True,False,research-expert -> mathematics-expert -> coding-expert -> physics-expert -> mathematics-expert
321,0.163,0.2235,0.0836,0.2739,0.2596,21.98,21.98,0.0,0.0,True,False,research-expert -> mathematics-expert -> coding-expert -> physics-expert -> mathematics-expert
322,0.2023,0.1851,0.118,0.2521,0.3584,21.98,21.98,0.0,0.0,True,False,research-expert -> mathematics-expert -> coding-expert -> physics-expert -> mathematics-expert
323,0.2456,0.2726,0.102,0.2684,0.3149,21.98,21.98,0.0,0.0,True,False,research-expert -> mathematics-expert -> coding-expert -> physics-expert -> mathematics-expert
324,0.2203,0.3241,0.1097,0.3104,0.3984,21.98,21.98,0.0,0.0,True,False,research-expert -> mathematics-expert -> coding-expert -> physics-expert -> mathematics-expert
325,0.1958,0.184,0.1037,0.3824,0.2818,21.98,21.98,0.0,0.0,True,False,research-expert -> mathematics-expert -> coding-expert -> physics-expert -> mathematics-expert
326,0.2228,0.2051,0.1021,0.2274,0.3396,21.98,21.98,0.0,0.0,True,False,research-expert -> mathematics-expert -> coding-expert -> physics-expert -> mathematics-expert
327,0.2307,0.2271,0.1099,0.3532,0.4397,21.98,21.98,0.0,0.0,True,False,research-expert -> mathematics-expert -> coding-expert -> physics-expert -> mathematics-expert
328,0.1682,0.2349,0.0791,0.3886,0.4397,21.98,21.98,0.0,0.0,True,False,research-expert -> mathematics-expert -> coding-expert -> physics-expert -> mathematics-expert
329,0.2048,0.3013,0.1013,0.3222,0.2637,21.98,21.98,0.0,0.0,True,False,research-expert -> mathematics-expert -> coding-expert -> physics-expert -> mathematics-expert
330,0.2306,0.1942,0.1196,0.3508,0.3938,21.98,21.98,0.0,0.0,True,False,research-expert -> mathematics-expert -> coding-expert -> physics-expert -> mathematics-expert
331,0.1443,0.2205,0.0858,0.2748,0.2634,21.98,21.98,0.0,0.0,True,False,research-expert -> mathematics-expert -> coding-expert -> physics-expert -> mathematics-expert
332,0.2524,0.2581,0.0883,0.2815,0.3389,21.98,21.98,0.0,0.0,True,False,research-expert -> mathematics-expert -> coding-expert -> physics-expert -> mathematics-expert
333,0.2121,0.2524,0.1252,0.2995,0.4534,21.98,21.98,0.0,0.0,True,False,research-expert -> mathematics-expert -> coding-expert -> physics-expert -> mathematics-expert
334,0.2422,0.2063,0.1258,0.2309,0.4167,21.98,21.98,0.0,0.0,True,False,research-expert -> mathematics-expert -> coding-expert -> physics-expert -> mathematics-expert
335,0.1857,0.3067,0.1221,0.3551,0.4109,21.98,21.98,0.0,0.0,True,False,research-expert -> mathematics-expert -> coding-expert -> physics-expert -> mathematics-expert
336,0.1766,0.1871,0.0942,0.2412,0.3909,21.98,21.98,0.0,0.0,True,False,research-expert -> mathematics-expert -> coding-expert -> physics-expert -> mathematics-expert
337,0.1815,0.3213,0.1085,0.358,0.2728,21.98,21.98,0.0,0.0,True,False,research-expert -> mathematics-expert -> coding-expert -> physics-expert -> mathematics-expert
338,0.2434,0.3134,0.0992,0.3191,0.4056,21.98,21.98,0.0,0.0,True,False,research-expert -> mathematics-expert -> coding-expert -> physics-expert -> mathematics-expert
339,0.161,0.2504,0.0939,0.2363,0.3222,21.98,21.98,0.0,0.0,True,False,research-expert -> mathematics-expert -> coding-expert -> physics-expert -> mathematics-expert
340,0.1482,0.1789,0.0781,0.3834,0.3604,21.98,21.98,0.0,0.0,True,False,research-expert -> mathematics-expert -> coding-expert -> physics-expert -> mathematics-expert
341,0.2559,0.2399,0.0887,0.3011,0.3373,21.98,21.98,0.0,0.0,True,False,research-expert -> mathematics-expert -> coding-expert -> physics-expert -> mathematics-expert
342,0.1527,0.2711,0.083,0.3215,0.3815,21.98,21.98,0.0,0.0,True,False,research-expert -> mathematics-expert -> coding-expert -> physics-expert -> mathematics-expert
343,0.1582,0.1842,0.1168,0.2928,0.2572,21.98,21.98,0.0,0.0,True,False,research-expert -> mathematics-expert -> coding-expert -> physics-expert -> mathematics-expert
344,0.2594,0.1837,0.1117,0.3871,0.2952,21.98,21.98,0.0,0.0,True,False,research-expert -> mathematics-expert -> coding-expert -> physics-expert -> mathematics-expert
345,0.1571,0.1932,0.0882,0.2282,0.3904,21.98,21.98,0.0,0.0,True,False,research-expert -> mathematics-expert -> coding-expert -> physics-expert -> mathematics-expert
346,0.1475,0.2514,0.1298,0.3565,0.3742,21.98,21.98,0.0,0.0,True,False,research-expert -> mathematics-expert -> coding-expert -> physics-expert -> mathematics-expert
347,0.1768,0.2686,0.1016,0.2867,0.2724,21.98,21.98,0.0,0.0,True,False,research-expert -> mathematics-expert -> coding-expert -> physics-expert -> mathematics-expert
348,0.2464,0.2425,0.0817,0.2762,0.332,21.98,21.98,0.0,0.0,True,False,research-expert -> mathematics-expert -> coding-expert -> physics-expert -> mathematics-expert
349,0.2393,0.285,0.1162,0.212,0.3324,21.98,21.98,0.0,0.0,True,False,research-expert -> mathematics-expert -> coding-expert -> physics-expert -> mathematics-expert
350,0.1978,0.1779,0.0856,0.3469,0.2738,21.98,21.98,0.0,0.0,True,False,research-expert -> mathematics-expert -> coding-expert -> physics-expert -> mathematics-expert
351,0.2042,0.2073,0.0707,0.2534,0.4499,21.98,21.98,0.0,0.0,True,False,research-expert -> mathematics-expert -> coding-expert -> physics-expert -> mathematics-expert
352,0.2362,0.3189,0.0993,0.2298,0.3601,21.98,21.98,0.0,0.0,True,False,research-expert -> mathematics-expert -> coding-expert -> physics-expert -> mathematics-expert
353,0.1945,0.3017,0.0759,0.2979,0.2765,21.98,21.98,0.0,0.0,True,False,research-expert -> mathematics-expert -> coding-expert -> physics-expert -> mathematics-expert
354,0.179,0.2856,0.0986,0.2777,0.3278,21.98,21.98,0.0,0.0,True,False,research-expert -> mathematics-expert -> coding-expert -> physics-expert -> mathematics-expert
355,0.1951,0.2928,0.1235,0.382,0.4102,21.98,21.98,0.0,0.0,True,False,research-expert -> mathematics-expert -> coding-expert -> physics-expert -> mathematics-expert
356,0.1778,0.2782,0.0963,0.2558,0.4216,21.98,21.98,0.0,0.0,True,False,research-expert -> mathematics-expert -> coding-expert -> physics-expert -> mathematics-expert
357,0.1446,0.3103,0.0977,0.3247,0.3835,21.98,21.98,0.0,0.0,True,False,research-expert -> mathematics-expert -> coding-expert -> physics-expert -> mathematics-expert
358,0.2474,0.2705,0.1068,0.222,0.3539,21.98,21.98,0.0,0.0,True,False,research-expert -> mathematics-expert -> coding-expert -> physics-expert -> mathematics-expert
359,0.158,0.2856,0.1007,0.3324,0.2538,21.98,21.98,0.0,0.0,True,False,research-expert -> mathematics-expert -> coding-expert -> physics-expert -> mathematics-expert
360,0.1502,0.2824,0.0743,0.2228,0.2475,21.98,21.98,0.0,0.0,True,False,research-expert -> mathematics-expert -> coding-expert -> physics-expert -> mathematics-expert
361,0.2548,0.2856,0.0912,0.2634,0.3184,21.98,21.98,0.0,0.0,True,False,research-expert -> mathematics-expert -> coding-expert -> physics-expert -> mathematics-expert
362,0.233,0.2742,0.0811,0.2413,0.2657,21.98,21.98,0.0,0.0,True,False,research-expert -> mathematics-expert -> coding-expert -> physics-expert -> mathematics-expert
363,0.2192,0.2897,0.0859,0.2138,0.2623,21.98,21.98,0.0,0.0,True,False,research-expert -> mathematics-expert -> coding-expert -> physics-expert -> mathematics-expert
364,0.2561,0.2193,0.1162,0.3224,0.3252,21.98,21.98,0.0,0.0,True,False,research-expert -> mathematics-expert -> coding-expert -> physics-expert -> mathematics-expert
365,0.1647,0.1932,0.1069,0.3494,0.3802,21.98,21.98,0.0,0.0,True,False,research-expert -> mathematics-expert -> coding-expert -> physics-expert -> mathematics-expert
366,0.2036,0.1813,0.1281,0.3538,0.3065,21.98,21.98,0.0,0.0,True,False,research-expert -> mathematics-expert -> coding-expert -> physics-expert -> mathematics-expert
367,0.2576,0.2653,0.1049,0.3447,0.4155,21.98,21.98,0.0,0.0,True,False,research-expert -> mathematics-expert -> coding-expert -> physics-expert -> mathematics-expert
368,0.2188,0.1942,0.0903,0.3771,0.2922,21.98,21.98,0.0,0.0,True,False,research-expert -> mathematics-expert -> coding-expert -> physics-expert -> mathematics-expert
369,0.1847,0.2398,0.0964,0.3203,0.443,21.98,21.98,0.0,0.0,True,False,research-expert -> mathematics-expert -> coding-expert -> physics-expert -> mathematics-expert
370,0.1689,0.1932,0.0818,0.3696,0.3806,21.98,21.98,0.0,0.0,True,False,research-expert -> mathematics-expert -> coding-expert -> physics-expert -> mathematics-expert
371,0.1743,0.2974,0.1217,0.3624,0.438,21.98,21.98,0.0,0.0,True,False,research-expert -> mathematics-expert -> coding-expert -> physics-expert -> mathematics-expert
372,0.1703,0.2883,0.0976,0.3616,0.398,21.98,21.98,0.0,0.0,True,False,research-expert -> mathematics-expert -> coding-expert -> physics-expert -> mathematics-expert
373,0.2332,0.2734,0.0806,0.3081,0.4518,21.98,21.98,0.0,0.0,True,False,research-expert -> mathematics-expert -> coding-expert -> physics-expert -> mathematics-expert
374,0.2525,0.1815,0.0799,0.2337,0.3975,21.98,21.98,0.0,0.0,True,False,research-expert -> mathematics-expert -> coding-expert -> physics-expert -> mathematics-expert
375,0.2381,0.207,0.1004,0.3613,0.3989,21.98,21.98,0.0,0.0,True,False,research-expert -> mathematics-expert -> coding-expert -> physics-expert -> mathematics-expert
376,0.2051,0.2636,0.1005,0.2636,0.3637,21.98,21.98,0.0,0.0,True,False,research-expert -> mathematics-expert -> coding-expert -> physics-expert -> mathematics-expert
377,0.2227,0.306,0.1082,0.347,0.2786,21.98,21.98,0.0,0.0,True,False,research-expert -> mathematics-expert -> coding-expert -> physics-expert -> mathematics-expert
378,0.1954,0.1764,0.0848,0.3408,0.4533,21.98,21.98,0.0,0.0,True,False,research-expert -> mathematics-expert -> coding-expert -> physics-expert -> mathematics-expert
379,0.1519,0.2352,0.118,0.2467,0.3616,21.98,21.98,0.0,0.0,True,False,research-expert -> mathematics-expert -> coding-expert -> physics-expert -> mathematics-expert
380,0.228,0.2674,0.0813,0.274,0.4096,21.98,21.98,0.0,0.0,True,False,research-expert -> mathematics-expert -> coding-expert -> physics-expert -> mathematics-expert
381,0.2065,0.1758,0.1157,0.2164,0.4016,21.98,21.98,0.0,0.0,True,False,research-expert -> mathematics-expert -> coding-expert -> physics-expert -> mathematics-expert
382,0.1643,0.3187,0.0921,0.2688,0.2763,21.98,21.98,0.0,0.0,True,False,research-expert -> mathematics-expert -> coding-expert -> physics-expert -> mathematics-expert
383,0.1767,0.3065,0.1298,0.2763,0.3392,21.98,21.98,0.0,0.0,True,False,research-expert -> mathematics-expert -> coding-expert -> physics-expert -> mathematics-expert
384,0.2266,0.3079,0.1056,0.2805,0.3317,21.98,21.98,0.0,0.0,True,False,research-expert -> mathematics-expert -> coding-expert -> physics-expert -> mathematics-expert
385,0.2235,0.1755,0.1072,0.274,0.4118,21.98,21.98,0.0,0.0,True,False,research-expert -> mathematics-expert -> coding-expert -> physics-expert -> mathematics-expert
386,0.1512,0.2632,0.0989,0.3256,0.2586,21.98,21.98,0.0,0.0,True,False,research-expert -> mathematics-expert -> coding-expert -> physics-expert -> mathematics-expert
387,0.2096,0.2592,0.1036,0.3186,0.3871,21.98,21.98,0.0,0.0,True,False,research-expert -> mathematics-expert -> coding-expert -> physics-expert -> mathematics-expert
388,0.2366,0.2155,0.1195,0.2997,0.2612,21.98,21.98,0.0,0.0,True,False,research-expert -> mathematics-expert -> coding-expert -> physics-expert -> mathematics-expert
389,0.147,0.2251,0.1171,0.3374,0.4106,21.98,21.98,0.0,0.0,True,False,research-expert -> mathematics-expert -> coding-expert -> physics-expert -> mathematics-expert
390,0.2021,0.241,0.0788,0.2691,0.3361,21.98,21.98,0.0,0.0,True,False,research-expert -> mathematics-expert -> coding-expert -> physics-expert -> mathematics-expert
391,0.1506,0.2081,0.1059,0.3424,0.4547,21.98,21.98,0.0,0.0,True,False,research-expert -> mathematics-expert -> coding-expert -> physics-expert -> mathematics-expert
392,0.252,0.2714,0.0953,0.3245,0.41,21.98,21.98,0.0,0.0,True,False,research-expert -> mathematics-expert -> coding-expert -> physics-expert -> mathematics-expert
393,0.1542,0.2365,0.1204,0.2791,0.3651,21.98,21.98,0.0,0.0,True,False,research-expert -> mathematics-expert -> coding-expert -> physics-expert -> mathematics-expert
394,0.2105,0.2027,0.0917,0.2702,0.2505,21.98,21.98,0.0,0.0,True,False,research-expert -> mathematics-expert -> coding-expert -> physics-expert -> mathematics-expert
395,0.1429,0.2998,0.0864,0.3033,0.3077,21.98,21.98,0.0,0.0,True,False,research-expert -> mathematics-expert -> coding-expert -> physics-expert -> mathematics-expert
396,0.2529,0.2139,0.0958,0.3671,0.4218,21.98,21.98,0.0,0.0,True,False,research-expert -> mathematics-expert -> coding-expert -> physics-expert -> mathematics-expert
397,0.1623,0.2954,0.0975,0.2969,0.273,21.98,21.98,0.0,0.0,True,False,research-expert -> mathematics-expert -> coding-expert -> physics-expert -> mathematics-expert
398,0.1497,0.2842,0.0998,0.2886,0.3982,21.98,21.98,0.0,0.0,True,False,research-expert -> mathematics-expert -> coding-expert -> physics-expert -> mathematics-expert
399,0.2319,0.1988,0.1066,0.2344,0.4028,21.98,21.98,0.0,0.0,True,False,research-expert -> mathematics-expert -> coding-expert -> physics-expert -> mathematics-expert
400,0.2188,0.3185,0.0741,0.2203,0.3043,21.98,21.98,0.0,0.0,True,False,research-expert -> mathematics-expert -> coding-expert -> physics-expert -> mathematics-expert
401,0.1714,0.212,0.1244,0.2549,0.3021,21.98,21.98,0.0,0.0,True,False,research-expert -> mathematics-expert -> coding-expert -> physics-expert -> mathematics-expert
402,0.2311,0.2425,0.1166,0.2218,0.3474,21.98,21.98,0.0,0.0,True,False,research-expert -> mathematics-expert -> coding-expert -> physics-expert -> mathematics-expert
403,0.144,0.1844,0.1244,0.2351,0.3568,21.98,21.98,0.0,0.0,True,False,research-expert -> mathematics-expert -> coding-expert -> physics-expert -> mathematics-expert
404,0.1893,0.2271,0.124,0.2139,0.3844,21.98,21.98,0.0,0.0,True,False,research-expert -> mathematics-expert -> coding-expert -> physics-expert -> mathematics-expert
405,0.2556,0.259,0.1262,0.2194,0.3329,21.98,21.98,0.0,0.0,True,False,research-expert -> mathematics-expert -> coding-expert -> physics-expert -> mathematics-expert
406,0.1712,0.2846,0.1289,0.2562,0.3824,21.98,21.98,0.0,0.0,True,False,research-expert -> mathematics-expert -> coding-expert -> physics-expert -> mathematics-expert
407,0.1638,0.2598,0.0978,0.385,0.3728,21.98,21.98,0.0,0.0,True,False,research-expert -> mathematics-expert -> coding-expert -> physics-expert -> mathematics-expert
408,0.1819,0.1921,0.0791,0.2506,0.2977,21.98,21.98,0.0,0.0,True,False,research-expert -> mathematics-expert -> coding-expert -> physics-expert -> mathematics-expert
409,0.2421,0.2592,0.1014,0.2307,0.4256,21.98,21.98,0.0,0.0,True,False,research-expert -> mathematics-expert -> coding-expert -> physics-expert -> mathematics-expert
410,0.2267,0.1852,0.1125,0.3078,0.2622,21.98,21.98,0.0,0.0,True,False,research-expert -> mathematics-expert -> coding-expert -> physics-expert -> mathematics-expert
411,0.195,0.2477,0.0799,0.3802,0.4235,21.98,21.98,0.0,0.0,True,False,research-expert -> mathematics-expert -> coding-expert -> physics-expert -> mathematics-expert
412,0.2203,0.2443,0.0947,0.3272,0.3595,21.98,21.98,0.0,0.0,True,False,research-expert -> mathematics-expert -> coding-expert -> physics-expert -> mathematics-expert
413,0.1475,0.2519,0.1184,0.2927,0.2559,21.98,21.98,0.0,0.0,True,False,research-expert -> mathematics-expert -> coding-expert -> physics-expert -> mathematics-expert
414,0.2344,0.2052,0.0855,0.2396,0.3143,21.98,21.98,0.0,0.0,True,False,research-expert -> mathematics-expert -> coding-expert -> physics-expert -> mathematics-expert
415,0.2308,0.2529,0.0823,0.368,0.4297,21.98,21.98,0.0,0.0,True,False,research-expert -> mathematics-expert -> coding-expert -> physics-expert -> mathematics-expert
416,0.2445,0.2108,0.0971,0.3873,0.4071,21.98,21.98,0.0,0.0,True,False,research-expert -> mathematics-expert -> coding-expert -> physics-expert -> mathematics-expert
417,0.1433,0.1848,0.0978,0.3737,0.3581,21.98,21.98,0.0,0.0,True,False,research-expert -> mathematics-expert -> coding-expert -> physics-expert -> mathematics-expert
418,0.1997,0.1908,0.1094,0.358,0.3249,21.98,21.98,0.0,0.0,True,False,research-expert -> mathematics-expert -> coding-expert -> physics-expert -> mathematics-expert
419,0.2331,0.3197,0.0822,0.3042,0.3053,21.98,21.98,0.0,0.0,True,False,research-expert -> mathematics-expert -> coding-expert -> physics-expert -> mathematics-expert
420,0.2351,0.2616,0.1081,0.3536,0.3282,21.98,21.98,0.0,0.0,True,False,research-expert -> mathematics-expert -> coding-expert -> physics-expert -> mathematics-expert
421,0.2498,0.255,0.0795,0.3353,0.4116,21.98,21.98,0.0,0.0,True,False,research-expert -> mathematics-expert -> coding-expert -> physics-expert -> mathematics-expert
422,0.178,0.3036,0.1244,0.2598,0.4515,21.98,21.98,0.0,0.0,True,False,research-expert -> mathematics-expert -> coding-expert -> physics-expert -> mathematics-expert
423,0.1569,0.2053,0.0811,0.3709,0.3824,21.98,21.98,0.0,0.0,True,False,research-expert -> mathematics-expert -> coding-expert -> physics-expert -> mathematics-expert
424,0.1583,0.241,0.1069,0.225,0.4303,21.98,21.98,0.0,0.0,True,False,research-expert -> mathematics-expert -> coding-expert -> physics-expert -> mathematics-expert
425,0.2364,0.2508,0.128,0.2852,0.4517,21.98,21.98,0.0,0.0,True,False,research-expert -> mathematics-expert -> coding-expert -> physics-expert -> mathematics-expert
426,0.2202,0.2702,0.08,0.3687,0.3348,21.98,21.98,0.0,0.0,True,False,research-expert -> mathematics-expert -> coding-expert -> physics-expert -> mathematics-expert
427,0.1595,0.1769,0.1036,0.3049,0.3961,21.98,21.98,0.0,0.0,True,False,research-expert -> mathematics-expert -> coding-expert -> physics-expert -> mathematics-expert
428,0.2468,0.1869,0.1139,0.2437,0.4252,21.98,21.98,0.0,0.0,True,False,research-expert -> mathematics-expert -> coding-expert -> physics-expert -> mathematics-expert
429,0.2383,0.2561,0.1126,0.2666,0.3439,21.98,21.98,0.0,0.0,True,False,research-expert -> mathematics-expert -> coding-expert -> physics-expert -> mathematics-expert
430,0.2386,0.2439,0.0915,0.299,0.4189,21.98,21.98,0.0,0.0,True,False,research-expert -> mathematics-expert -> coding-expert -> physics-expert -> mathematics-expert
431,0.1802,0.2011,0.1127,0.3587,0.2661,21.98,21.98,0.0,0.0,True,False,research-expert -> mathematics-expert -> coding-expert -> physics-expert -> mathematics-expert
432,0.1688,0.1963,0.0909,0.2911,0.4023,21.98,21.98,0.0,0.0,True,False,research-expert -> mathematics-expert -> coding-expert -> physics-expert -> mathematics-expert
433,0.2181,0.2681,0.0911,0.3615,0.344,21.98,21.98,0.0,0.0,True,False,research-expert -> mathematics-expert -> coding-expert -> physics-expert -> mathematics-expert
434,0.2575,0.2701,0.0776,0.3317,0.3133,21.98,21.98,0.0,0.0,True,False,research-expert -> mathematics-expert -> coding-expert -> physics-expert -> mathematics-expert
435,0.2224,0.1854,0.0805,0.364,0.2927,21.98,21.98,0.0,0.0,True,False,research-expert -> mathematics-expert -> coding-expert -> physics-expert -> mathematics-expert
436,0.2404,0.2169,0.1086,0.3349,0.3527,21.98,21.98,0.0,0.0,True,False,research-expert -> mathematics-expert -> coding-expert -> physics-expert -> mathematics-expert
437,0.1766,0.2069,0.072,0.2647,0.3822,21.98,21.98,0.0,0.0,True,False,research-expert -> mathematics-expert -> coding-expert -> physics-expert -> mathematics-expert
438,0.2526,0.3057,0.116,0.3519,0.3846,21.98,21.98,0.0,0.0,True,False,research-expert -> mathematics-expert -> coding-expert -> physics-expert -> mathematics-expert
439,0.1712,0.3111,0.1102,0.3109,0.2683,21.98,21.98,0.0,0.0,True,False,research-expert -> mathematics-expert -> coding-expert -> physics-expert -> mathematics-expert
440,0.1936,0.2441,0.1219,0.3084,0.3249,21.98,21.98,0.0,0.0,True,False,research-expert -> mathematics-expert -> coding-expert -> physics-expert -> mathematics-expert
441,0.2572,0.1916,0.0954,0.2176,0.4004,21.98,21.98,0.0,0.0,True,False,research-expert -> mathematics-expert -> coding-expert -> physics-expert -> mathematics-expert
442,0.2502,0.217,0.1215,0.2626,0.4363,21.98,21.98,0.0,0.0,True,False,research-expert -> mathematics-expert -> coding-expert -> physics-expert -> mathematics-expert
443,0.2305,0.2957,0.0711,0.3833,0.3976,21.98,21.98,0.0,0.0,True,False,research-expert -> mathematics-expert -> coding-expert -> physics-expert -> mathematics-expert
444,0.1766,0.2994,0.0869,0.3671,0.2686,21.98,21.98,0.0,0.0,True,False,research-expert -> mathematics-expert -> coding-expert -> physics-expert -> mathematics-expert
445,0.2244,0.2561,0.0758,0.2535,0.2476,21.98,21.98,0.0,0.0,True,False,research-expert -> mathematics-expert -> coding-expert -> physics-expert -> mathematics-expert
446,0.1963,0.2202,0.1059,0.2635,0.308,21.98,21.98,0.0,0.0,True,False,research-expert -> mathematics-expert -> coding-expert -> physics-expert -> mathematics-expert
447,0.2292,0.1822,0.1242,0.3634,0.3852,21.98,21.98,0.0,0.0,True,False,research-expert -> mathematics-expert -> coding-expert -> physics-expert -> mathematics-expert
448,0.2112,0.3088,0.0811,0.2242,0.2953,21.98,21.98,0.0,0.0,True,False,research-expert -> mathematics-expert -> coding-expert -> physics-expert -> mathematics-expert
449,0.2353,0.1802,0.105,0.3892,0.4247,21.98,21.98,0.0,0.0,True,False,research-expert -> mathematics-expert -> coding-expert -> physics-expert -> mathematics-expert
450,0.2026,0.1845,0.1199,0.3178,0.2691,21.98,21.98,0.0,0.0,True,False,research-expert -> mathematics-expert -> coding-expert -> physics-expert -> mathematics-expert
451,0.1513,0.3114,0.1102,0.3593,0.4296,21.98,21.98,0.0,0.0,True,False,research-expert -> mathematics-expert -> coding-expert -> physics-expert -> mathematics-expert
452,0.2086,0.2526,0.0958,0.2671,0.3363,21.98,21.98,0.0,0.0,True,False,research-expert -> mathematics-expert -> coding-expert -> physics-expert -> mathematics-expert
453,0.2329,0.2653,0.1236,0.2898,0.3725,21.98,21.98,0.0,0.0,True,False,research-expert -> mathematics-expert -> coding-expert -> physics-expert -> mathematics-expert
454,0.2158,0.2638,0.1122,0.2527,0.3526,21.98,21.98,0.0,0.0,True,False,research-expert -> mathematics-expert -> coding-expert -> physics-expert -> mathematics-expert
455,0.1525,0.2327,0.0993,0.3274,0.4446,21.98,21.98,0.0,0.0,True,False,research-expert -> mathematics-expert -> coding-expert -> physics-expert -> mathematics-expert
456,0.2121,0.2865,0.1004,0.3241,0.2599,21.98,21.98,0.0,0.0,True,False,research-expert -> mathematics-expert -> coding-expert -> physics-expert -> mathematics-expert
457,0.1705,0.2293,0.0983,0.2182,0.2744,21.98,21.98,0.0,0.0,True,False,research-expert -> mathematics-expert -> coding-expert -> physics-expert -> mathematics-expert
458,0.1732,0.3207,0.0899,0.2968,0.2862,21.98,21.98,0.0,0.0,True,False,research-expert -> mathematics-expert -> coding-expert -> physics-expert -> mathematics-expert
459,0.2133,0.2171,0.0824,0.303,0.2462,21.98,21.98,0.0,0.0,True,False,research-expert -> mathematics-expert -> coding-expert -> physics-expert -> mathematics-expert
460,0.1409,0.2079,0.0722,0.2294,0.3162,21.98,21.98,0.0,0.0,True,False,research-expert -> mathematics-expert -> coding-expert -> physics-expert -> mathematics-expert
461,0.2363,0.2608,0.1008,0.2628,0.4407,21.98,21.98,0.0,0.0,True,False,research-expert -> mathematics-expert -> coding-expert -> physics-expert -> mathematics-expert
462,0.1876,0.1881,0.107,0.2305,0.3175,21.98,21.98,0.0,0.0,True,False,research-expert -> mathematics-expert -> coding-expert -> physics-expert -> mathematics-expert
463,0.2009,0.3061,0.0996,0.3364,0.4535,21.98,21.98,0.0,0.0,True,False,research-expert -> mathematics-expert -> coding-expert -> physics-expert -> mathematics-expert
464,0.1558,0.2162,0.0937,0.2859,0.3313,21.98,21.98,0.0,0.0,True,False,research-expert -> mathematics-expert -> coding-expert -> physics-expert -> mathematics-expert
465,0.2489,0.2821,0.1065,0.2657,0.418,21.98,21.98,0.0,0.0,True,False,research-expert -> mathematics-expert -> coding-expert -> physics-expert -> mathematics-expert
466,0.2546,0.2982,0.0701,0.3246,0.2557,21.98,21.98,0.0,0.0,True,False,research-expert -> mathematics-expert -> coding-expert -> physics-expert -> mathematics-expert
467,0.1709,0.1839,0.1062,0.3336,0.269,21.98,21.98,0.0,0.0,True,False,research-expert -> mathematics-expert -> coding-expert -> physics-expert -> mathematics-expert
468,0.1861,0.2434,0.0921,0.2318,0.333,21.98,21.98,0.0,0.0,True,False,research-expert -> mathematics-expert -> coding-expert -> physics-expert -> mathematics-expert
469,0.2301,0.1857,0.0748,0.2739,0.4428,21.98,21.98,0.0,0.0,True,False,research-expert -> mathematics-expert -> coding-expert -> physics-expert -> mathematics-expert
470,0.2202,0.2768,0.0917,0.3169,0.2471,21.98,21.98,0.0,0.0,True,False,research-expert -> mathematics-expert -> coding-expert -> physics-expert -> mathematics-expert
471,0.2163,0.312,0.1068,0.3673,0.397,21.98,21.98,0.0,0.0,True,False,research-expert -> mathematics-expert -> coding-expert -> physics-expert -> mathematics-expert
472,0.1545,0.3104,0.074,0.3061,0.2748,21.98,21.98,0.0,0.0,True,False,research-expert -> mathematics-expert -> coding-expert -> physics-expert -> mathematics-expert
473,0.1414,0.2383,0.0877,0.2975,0.3662,21.98,21.98,0.0,0.0,True,False,research-expert -> mathematics-expert -> coding-expert -> physics-expert -> mathematics-expert
474,0.1452,0.1935,0.1035,0.2718,0.3981,21.98,21.98,0.0,0.0,True,False,research-expert -> mathematics-expert -> coding-expert -> physics-expert -> mathematics-expert
475,0.2183,0.3018,0.1115,0.2874,0.3863,21.98,21.98,0.0,0.0,True,False,research-expert -> mathematics-expert -> coding-expert -> physics-expert -> mathematics-expert
476,0.173,0.2209,0.1173,0.2904,0.4127,21.98,21.98,0.0,0.0,True,False,research-expert -> mathematics-expert -> coding-expert -> physics-expert -> mathematics-expert
477,0.2387,0.3036,0.125,0.2876,0.312,21.98,21.98,0.0,0.0,True,False,research-expert -> mathematics-expert -> coding-expert -> physics-expert -> mathematics-expert
478,0.2099,0.2307,0.1061,0.337,0.3896,21.98,21.98,0.0,0.0,True,False,research-expert -> mathematics-expert -> coding-expert -> physics-expert -> mathematics-expert
479,0.1849,0.2,0.0958,0.2357,0.4319,21.98,21.98,0.0,0.0,True,False,research-expert -> mathematics-expert -> coding-expert -> physics-expert -> mathematics-expert
480,0.1815,0.1982,0.0715,0.3262,0.3787,21.98,21.98,0.0,0.0,True,False,research-expert -> mathematics-expert -> coding-expert -> physics-expert -> mathematics-expert
481,0.1809,0.1858,0.0946,0.266,0.3872,21.98,21.98,0.0,0.0,True,False,research-expert -> mathematics-expert -> coding-expert -> physics-expert -> mathematics-expert
482,0.2127,0.2297,0.0831,0.3878,0.3403,21.98,21.98,0.0,0.0,True,False,research-expert -> mathematics-expert -> coding-expert -> physics-expert -> mathematics-expert
483,0.2226,0.1961,0.0991,0.215,0.3511,21.98,21.98,0.0,0.0,True,False,research-expert -> mathematics-expert -> coding-expert -> physics-expert -> mathematics-expert
484,0.2557,0.2326,0.0723,0.2156,0.3265,21.98,21.98,0.0,0.0,True,False,research-expert -> mathematics-expert -> coding-expert -> physics-expert -> mathematics-expert
485,0.1592,0.1785,0.1154,0.2925,0.3057,21.98,21.98,0.0,0.0,True,False,research-expert -> mathematics-expert -> coding-expert -> physics-expert -> mathematics-expert
486,0.248,0.1924,0.1274,0.2665,0.4316,21.98,21.98,0.0,0.0,True,False,research-expert -> mathematics-expert -> coding-expert -> physics-expert -> mathematics-expert
487,0.2124,0.299,0.129,0.2619,0.4468,21.98,21.98,0.0,0.0,True,False,research-expert -> mathematics-expert -> coding-expert -> physics-expert -> mathematics-expert
488,0.1867,0.2328,0.0904,0.3075,0.2774,21.98,21.98,0.0,0.0,True,False,research-expert -> mathematics-expert -> coding-expert -> physics-expert -> mathematics-expert
489,0.2064,0.2563,0.1157,0.3601,0.3375,21.98,21.98,0.0,0.0,True,False,research-expert -> mathematics-expert -> coding-expert -> physics-expert -> mathematics-expert
490,0.1763,0.2139,0.0817,0.2204,0.3169,21.98,21.98,0.0,0.0,True,False,research-expert -> mathematics-expert -> coding-expert -> physics-expert -> mathematics-expert
491,0.1724,0.32,0.1035,0.2725,0.3669,21.98,21.98,0.0,0.0,True,False,research-expert -> mathematics-expert -> coding-expert -> physics-expert -> mathematics-expert
492,0.1567,0.2416,0.1076,0.298,0.3294,21.98,21.98,0.0,0.0,True,False,research-expert -> mathematics-expert -> coding-expert -> physics-expert -> mathematics-expert
493,0.2593,0.307,0.1074,0.3125,0.3753,21.98,21.98,0.0,0.0,True,False,research-expert -> mathematics-expert -> coding-expert -> physics-expert -> mathematics-expert
494,0.1642,0.2343,0.0724,0.2956,0.359,21.98,21.98,0.0,0.0,True,False,research-expert -> mathematics-expert -> coding-expert -> physics-expert -> mathematics-expert
495,0.1673,0.3196,0.1246,0.34,0.357,21.98,21.98,0.0,0.0,True,False,research-expert -> mathematics-expert -> coding-expert -> physics-expert -> mathematics-expert
496,0.2444,0.1946,0.1174,0.2325,0.4118,21.98,21.98,0.0,0.0,True,False,research-expert -> mathematics-expert -> coding-expert -> physics-expert -> mathematics-expert
497,0.1731,0.3066,0.1266,0.2368,0.3422,21.98,21.98,0.0,0.0,True,False,research-expert -> mathematics-expert -> coding-expert -> physics-expert -> mathematics-expert
498,0.2577,0.2475,0.1218,0.316,0.3238,21.98,21.98,0.0,0.0,True,False,research-expert -> mathematics-expert -> coding-expert -> physics-expert -> mathematics-expert
499,0.1743,0.2055,0.1157,0.2796,0.3524,21.98,21.98,0.0,0.0,True,False,research-expert -> mathematics-expert -> coding-expert -> physics-expert -> mathematics-expert
500,0.1991,0.2616,0.1219,0.3865,0.3306,21.98,21.98,0.0,0.0,True,False,research-expert -> mathematics-expert -> coding-expert -> physics-expert -> mathematics-expert
